日期,买入净值,到期日,到期净值,期间最高收盘价,收益率,期间最高收益率,凭证收益率,是否敲出
2018-01-02,7092.095,2019-01-02,4408.5252,7188.291,-0.37838886816941963,0.013563834099797,0.005,0.0
2018-01-03,7159.876,2019-01-03,4376.8582,7188.291,-0.3886963684845939,0.003968644149703104,0.005,0.0
2018-01-04,7174.865,2019-01-04,4497.8933,7188.291,-0.37310412112283653,0.0018712547204722263,0.005,0.0
2018-01-05,7176.868,2019-01-05,4594.1482,7188.291,-0.35986725685912024,0.0015916413677943275,0.005,0.0
2018-01-08,7188.291,2019-01-08,4585.0325,7188.291,-0.3621526312721619,0.0,0.005,0.0
2018-01-09,7176.742,2019-01-09,4594.7385,7176.742,-0.3597737664249321,0.0,0.005,0.0
2018-01-10,7138.781,2019-01-10,4582.4828,7175.398,-0.35808609341006536,0.005129307090384172,0.005,0.0
2018-01-11,7175.398,2019-01-11,4621.6108,7175.398,-0.3559087872198866,0.0,0.005,0.0
2018-01-12,7127.828,2019-01-12,4594.1901,7127.828,-0.3554572164199249,0.0,0.005,0.0
2018-01-15,6929.307,2019-01-15,4644.1664,7072.406,-0.32977909623574186,0.02065127147635404,0.005,0.0
2018-01-16,6960.677,2019-01-16,4637.1968,7072.406,-0.33380089321771433,0.01605145591441759,0.005,0.0
2018-01-17,6942.863,2019-01-17,4595.4901,7072.406,-0.3380986921389635,0.018658441049463237,0.005,0.0
2018-01-18,6955.232,2019-01-18,4626.4129,7072.406,-0.33482982307419795,0.01684688591264827,0.005,0.0
2018-01-19,6938.312,2019-01-19,4655.1105,7072.406,-0.3290716099247195,0.019326602781771784,0.005,0.0
2018-01-22,7014.548,2019-01-22,4603.2028,7072.406,-0.3437634470531814,0.008248286275894134,0.005,0.0
2018-01-23,7019.975,2019-01-23,4609.6722,7072.406,-0.34334919996153834,0.007468830017200778,0.005,0.0
2018-01-24,7072.406,2019-01-24,4635.7473,7072.406,-0.34453037622557303,0.0,0.005,0.0
2018-01-25,7062.635,2019-01-25,4607.9448,7062.635,-0.3475601103554127,0.0,0.005,0.0
2018-01-26,7056.013,2019-01-26,4570.3992,7056.013,-0.35226888045699467,0.0,0.005,0.0
2018-01-29,6972.479,2019-01-29,4490.0512,6972.479,-0.35603230931208263,0.0,0.005,0.0
2018-01-30,6955.243,2019-01-30,4423.1355,6955.243,-0.36405737369636115,0.0,0.005,0.0
2018-01-31,6791.009,2019-01-31,4355.7359,6947.46,-0.35860254345120146,0.023037960927455803,0.005,0.0
2018-02-01,6506.453,2019-02-01,4482.9853,6947.46,-0.3109939778247841,0.06777994092941264,0.005,0.0
2018-02-02,6487.867,2019-02-02,4611.8298,6947.46,-0.28916085980184236,0.07083884426114162,0.005,0.0
2018-02-05,6461.813,2019-02-05,4611.8298,6947.46,-0.2862947596905079,0.07515646150701039,0.005,0.0
2018-02-06,6142.668,2019-02-06,4611.8298,6947.46,-0.24921389207425815,0.13101668525793686,0.035,1.0
2018-02-07,6158.257,2019-02-07,4611.8298,6947.46,-0.25111443059294203,0.1281536317824996,0.035,1.0
2018-02-08,6238.221,2019-02-08,4611.8298,6947.46,-0.260713943927283,0.11369250945101195,0.035,1.0
2018-02-09,6053.02,2019-02-09,4611.8298,6947.46,-0.23809440576769936,0.14776756065567254,0.035,1.0
2018-02-12,6203.752,2019-02-12,4675.7918,6947.46,-0.24629614465568583,0.11988035627471882,0.035,1.0
2018-02-13,6216.51,2019-02-13,4759.8256,6947.46,-0.23432511167841763,0.11758205166564517,0.035,1.0
2018-02-14,6230.663,2019-02-14,4780.0441,6947.46,-0.2328193484385208,0.11504345524705806,0.035,1.0
2018-02-22,6347.083,2019-02-22,5059.5092,6947.46,-0.20286071570200037,0.09459101133544356,0.005,0.0
2018-02-23,6365.916,2019-02-23,5324.2471,6947.46,-0.16363220941024048,0.09135276054537944,0.005,0.0
2018-02-26,6507.128,2019-02-26,5323.7574,6947.46,-0.181857587556292,0.06766917755421442,0.005,0.0
2018-02-27,6529.38,2019-02-27,5310.2745,6947.46,-0.1867107596739659,0.06403058177039789,0.005,0.0
2018-02-28,6563.808,2019-02-28,5330.3392,6947.46,-0.1879196953963309,0.05844960730112758,0.005,0.0
2018-03-01,6658.578,2019-03-01,5364.3661,6947.46,-0.19436761122269652,0.04338493894642359,0.005,0.0
2018-03-02,6632.371,2019-03-02,5482.2985,6947.46,-0.17340292031311277,0.04750774647558176,0.005,0.0
2018-03-05,6674.277,2019-03-05,5654.3058,6947.46,-0.15282122692839983,0.040930725530270884,0.005,0.0
2018-03-06,6735.859,2019-03-06,5776.9732,6947.46,-0.14235538481431986,0.031414107688418014,0.005,0.0
2018-03-07,6688.545,2019-03-07,5877.2974,6947.46,-0.12128909949772326,0.03871021275927733,0.005,0.0
2018-03-08,6725.183,2019-03-08,5633.3187,6947.46,-0.16235458574138428,0.0330514426150188,0.005,0.0
2018-03-09,6837.126,2019-03-09,5876.342,6947.46,-0.1405245420371075,0.016137482328101083,0.005,0.0
2018-03-12,6947.46,2019-03-12,6006.1778,6947.46,-0.13548580344471217,0.0,0.005,0.0
2018-03-13,6911.666,2019-03-13,5866.6333,6911.666,-0.15119837966707295,0.0,0.005,0.0
2018-03-14,6834.835,2019-03-14,5688.9504,6835.875,-0.16765358637040984,0.00015216168349341253,0.005,0.0
2018-03-15,6824.052,2019-03-15,5777.1086,6835.875,-0.15341961051879438,0.0017325483451768875,0.005,0.0
2018-03-16,6805.926,2019-03-16,5916.3436,6835.875,-0.13070703384080284,0.004400429860683008,0.005,0.0
2018-03-19,6820.502,2019-03-19,5941.9085,6835.875,-0.12881654458865355,0.002253939666024607,0.005,0.0
2018-03-20,6822.255,2019-03-20,5926.1695,6835.875,-0.13134740639275433,0.0019964073462512832,0.005,0.0
2018-03-21,6771.055,2019-03-21,5990.6386,6835.875,-0.11525772571630266,0.0095731019759846,0.005,0.0
2018-03-22,6764.69,2019-03-22,6014.5459,6835.875,-0.11089112730960315,0.01052302470623201,0.005,0.0
2018-03-23,6402.893,2019-03-23,5961.4351,6835.875,-0.06894663084327668,0.0676228698496133,0.005,0.0
2018-03-26,6515.251,2019-03-26,5788.3599,6835.875,-0.11156762801617315,0.049211304368780295,0.005,0.0
2018-03-27,6680.844,2019-03-27,5826.527,6835.875,-0.12787560972835166,0.02320530160560552,0.005,0.0
2018-03-28,6635.873,2019-03-28,5747.8634,6835.875,-0.1338195592350847,0.030139515931061345,0.005,0.0
2018-03-29,6684.275,2019-03-29,5911.2119,6835.875,-0.1156539938886415,0.022680096195922594,0.005,0.0
2018-03-30,6798.668,2019-03-30,6137.7333,6835.875,-0.09721532217781481,0.005472689650384499,0.005,0.0
2018-04-02,6835.875,2019-04-02,6174.9422,6835.875,-0.09668591072832655,0.0,0.005,0.0
2018-04-03,6769.558,2019-04-03,6237.016,6769.558,-0.07866717442999982,0.0,0.005,0.0
2018-04-04,6708.922,2019-04-04,6260.0695,6759.812,-0.06690381852703009,0.007585421324022068,0.005,0.0
2018-04-09,6718.649,2019-04-09,6245.4321,6759.812,-0.07043334158400005,0.006126678146157083,0.005,0.0
2018-04-10,6720.774,2019-04-10,6235.7066,6759.812,-0.07217433587262423,0.00580855716915929,0.005,0.0
2018-04-11,6759.812,2019-04-11,6106.9498,6759.812,-0.09657993447155033,0.0,0.005,0.0
2018-04-12,6727.645,2019-04-12,6101.2045,6727.645,-0.09311438103526581,0.0,0.005,0.0
2018-04-13,6721.663,2019-04-13,6052.0525,6724.398,-0.09961976671546902,0.00040689335362409373,0.005,0.0
2018-04-16,6717.931,2019-04-16,6179.8008,6724.398,-0.08010356164717969,0.0009626475770592169,0.005,0.0
2018-04-17,6564.692,2019-04-17,6234.1109,6724.398,-0.05035744251215446,0.024328026356758237,0.005,0.0
2018-04-18,6661.291,2019-04-18,6202.8448,6724.398,-0.06882242496236846,0.009473689109213312,0.005,0.0
2018-04-19,6677.09,2019-04-19,6255.252,6724.398,-0.06317692288107535,0.007085122411110145,0.005,0.0
2018-04-20,6535.963,2019-04-20,6192.1441,6724.398,-0.052604168658849426,0.02883048756548967,0.005,0.0
2018-04-23,6466.519,2019-04-23,6078.2672,6724.398,-0.06004030916788461,0.039879106517741514,0.005,0.0
2018-04-24,6606.584,2019-04-24,6153.3905,6724.398,-0.06859725086368373,0.017832816475201074,0.005,0.0
2018-04-25,6632.019,2019-04-25,5899.9068,6724.398,-0.11039054622732536,0.013929242361941263,0.005,0.0
2018-04-26,6510.534,2019-04-26,5834.3774,6724.398,-0.10385578202955381,0.032848918383653336,0.005,0.0
2018-04-27,6517.054,2019-04-27,5622.4844,6724.398,-0.13726594869399578,0.03181560257134586,0.005,0.0
2018-05-02,6486.814,2019-05-02,5246.8299,6724.398,-0.1911545637041544,0.03662568404150335,0.005,0.0
2018-05-03,6545.274,2019-05-03,5246.8299,6724.398,-0.19837887611733296,0.027366921537585798,0.005,0.0
2018-05-04,6531.293,2019-05-04,5246.8299,6724.398,-0.19666291192264684,0.029566121134054324,0.005,0.0
2018-05-07,6646.584,2019-05-07,5312.496,6724.398,-0.20071784242853163,0.011707367273173785,0.005,0.0
2018-05-08,6678.145,2019-05-08,5292.7459,6724.398,-0.20745268334245515,0.006926025116255952,0.005,0.0
2018-05-09,6674.909,2019-05-09,5237.8246,6724.398,-0.2152964781991784,0.007414183474261593,0.005,0.0
2018-05-10,6703.211,2019-05-10,5445.5262,6724.398,-0.1876242296415852,0.003160724017191141,0.005,0.0
2018-05-11,6636.767,2019-05-11,5405.6148,6724.398,-0.1855048097966976,0.013203868690885301,0.005,0.0
2018-05-14,6591.73,2019-05-14,5368.2288,6724.398,-0.18561154658943857,0.0201264311493341,0.005,0.0
2018-05-15,6661.129,2019-05-15,5486.3865,6724.398,-0.17635786666194275,0.00949823971281738,0.005,0.0
2018-05-16,6622.641,2019-05-16,5527.2751,6724.398,-0.16539714292228735,0.015365018275941722,0.005,0.0
2018-05-17,6591.255,2019-05-17,5330.9863,6724.398,-0.1912031472003436,0.020199946747622377,0.005,0.0
2018-05-18,6620.775,2019-05-18,5313.1491,6724.398,-0.19750344936959796,0.015651188871393495,0.005,0.0
2018-05-21,6697.144,2019-05-21,5418.0453,6724.398,-0.19099166749288954,0.004069495892577546,0.005,0.0
2018-05-22,6724.398,2019-05-22,5395.4299,6724.398,-0.19763376587762949,0.0,0.005,0.0
2018-05-23,6652.292,2019-05-23,5267.8266,6652.292,-0.2081185552287843,0.0,0.005,0.0
2018-05-24,6628.502,2019-05-24,5200.774,6628.502,-0.21539225604819912,0.0,0.005,0.0
2018-05-25,6541.45,2019-05-25,5354.634,6541.45,-0.18143011106100326,0.0,0.005,0.0
2018-05-28,6490.405,2019-05-28,5354.5254,6490.405,-0.17500904797158257,0.0,0.005,0.0
2018-05-29,6436.773,2019-05-29,5376.5125,6436.773,-0.16471926227629907,0.0,0.005,0.0
2018-05-30,6232.416,2019-05-30,5341.9803,6320.474,-0.14287167287934566,0.014129031181487228,0.005,0.0
2018-05-31,6315.172,2019-05-31,5334.2477,6320.474,-0.15532820008702852,0.0008395654148454224,0.005,0.0
2018-06-01,6243.732,2019-06-01,5255.0737,6320.474,-0.15834412815924837,0.012291046444658393,0.005,0.0
2018-06-04,6215.609,2019-06-04,5160.9769,6320.474,-0.16967478166660754,0.01687123498276666,0.005,0.0
2018-06-05,6316.419,2019-06-05,5158.4652,6320.474,-0.18332441213922002,0.0006419776775417052,0.005,0.0
2018-06-06,6320.474,2019-06-06,5030.8005,6320.474,-0.20404695913629256,0.0,0.005,0.0
2018-06-07,6274.884,2019-06-07,5098.9383,6274.884,-0.18740516956170028,0.0,0.005,0.0
2018-06-08,6205.956,2019-06-08,5098.9383,6260.0695,-0.1783798821648107,0.008719607422289055,0.005,0.0
2018-06-11,6151.938,2019-06-11,5289.6243,6260.0695,-0.14016943928888748,0.01757681888211482,0.005,0.0
2018-06-12,6199.154,2019-06-12,5264.8861,6260.0695,-0.15070893544506248,0.009826421476220704,0.005,0.0
2018-06-13,6092.345,2019-06-13,5294.1125,6260.0695,-0.13102220901803818,0.02753036802741793,0.005,0.0
2018-06-14,6060.129,2019-06-14,5173.0685,6260.0695,-0.1463765045265537,0.03299277952664048,0.005,0.0
2018-06-15,5928.073,2019-06-15,5160.6726,6260.0695,-0.1294519146441011,0.05600411803295935,0.005,0.0
2018-06-19,5522.529,2019-06-19,5234.2753,6260.0695,-0.052195959496093236,0.13355122263730967,0.035,1.0
2018-06-20,5588.27,2019-06-20,5317.31,6260.0695,-0.0484872778158536,0.12021600602690974,0.035,1.0
2018-06-21,5456.911,2019-06-21,5406.04,6260.0695,-0.009322307070795177,0.14718189466531517,0.035,1.0
2018-06-22,5541.374,2019-06-22,5403.7981,6260.0695,-0.024827037482039627,0.12969626305677973,0.035,1.0
2018-06-25,5512.433,2019-06-25,5351.6898,6260.0695,-0.02916011859010348,0.13562731737510458,0.035,1.0
2018-06-26,5558.714,2019-06-26,5351.391,6260.0695,-0.03729693594597605,0.12617225854757042,0.035,1.0
2018-06-27,5508.915,2019-06-27,5397.5712,6260.0695,-0.020211566161394745,0.13635253039845407,0.035,1.0
2018-06-28,5443.849,2019-06-28,5321.4331,6260.0695,-0.02248701240611195,0.14993444895330477,0.035,1.0
2018-06-29,5608.536,2019-06-29,5481.4086,6260.0695,-0.02266677079366175,0.1161681943380588,0.035,1.0
2018-07-02,5538.092,2019-07-02,5483.515,6260.0695,-0.009854838092252627,0.13036574690344627,0.035,1.0
2018-07-03,5601.591,2019-07-03,5428.5142,6260.0695,-0.030897793144840535,0.1175520490517783,0.035,1.0
2018-07-04,5500.665,2019-07-04,5404.3836,6260.0695,-0.017503592747422303,0.13805685312594007,0.035,1.0
2018-07-05,5352.66,2019-07-05,5424.2503,6260.0695,0.013374714627867323,0.16952496515751037,0.035,1.0
2018-07-06,5374.58,2019-07-06,5244.2661,6260.0695,-0.024246341109444902,0.16475510644552682,0.035,1.0
2018-07-09,5487.549,2019-07-09,5260.3435,6260.0695,-0.04140382163330114,0.1407769661828988,0.035,1.0
2018-07-10,5524.802,2019-07-10,5214.6441,6260.0695,-0.056139188336523094,0.13308485987371133,0.035,1.0
2018-07-11,5396.312,2019-07-11,5206.3985,6260.0695,-0.035193202320399464,0.1600644106567597,0.035,1.0
2018-07-12,5541.36,2019-07-12,5219.1888,6260.0695,-0.05813937372774913,0.12969911718422922,0.035,1.0
2018-07-13,5561.685,2019-07-13,5273.8148,6260.0695,-0.051759529710870056,0.12557066788212556,0.035,1.0
2018-07-16,5566.96,2019-07-16,5285.229,6260.0695,-0.05060769252877684,0.12450412792619314,0.035,1.0
2018-07-17,5575.474,2019-07-17,5289.4244,6260.0695,-0.05130498321757038,0.12278695945851403,0.035,1.0
2018-07-18,5544.519,2019-07-18,5194.6017,6260.0695,-0.0631104880333172,0.12905546901363296,0.035,1.0
2018-07-19,5480.767,2019-07-19,5220.0273,6260.0695,-0.04757357866152678,0.1421885841890378,0.035,1.0
2018-07-20,5541.212,2019-07-20,5073.3332,6260.0695,-0.08443618471915537,0.1297292902707925,0.035,1.0
2018-07-23,5582.307,2019-07-23,5131.0973,6260.0695,-0.08082853558573533,0.1214126166833891,0.035,1.0
2018-07-24,5672.222,2019-07-24,5194.829,6260.0695,-0.08416331377721109,0.10363619406997815,0.035,1.0
2018-07-25,5685.586,2019-07-25,5211.0858,6260.0695,-0.08345669206305217,0.10104209135170938,0.035,1.0
2018-07-26,5663.178,2019-07-26,5216.6018,6260.0695,-0.07885611223945277,0.10539868250653606,0.035,1.0
2018-07-27,5630.227,2019-07-27,5218.9831,6260.0695,-0.07304215265210434,0.11186804723859267,0.035,1.0
2018-07-30,5549.037,2019-07-30,5239.7181,6260.0695,-0.05574280726547687,0.1281361973257702,0.035,1.0
2018-07-31,5542.543,2019-07-31,5200.0945,6260.0695,-0.06178544758245441,0.12945799428168625,0.035,1.0
2018-08-01,5456.205,2019-08-01,5173.2289,6260.0695,-0.0518631722964954,0.14733033307949395,0.035,1.0
2018-08-02,5325.801,2019-08-02,5091.0633,6260.0695,-0.04407556722453587,0.17542309598124284,0.035,1.0
2018-08-03,5255.631,2019-08-03,5032.6422,6260.0695,-0.0424285494929153,0.1911166328077445,0.035,1.0
2018-08-06,5144.642,2019-08-06,4899.8161,6260.0695,-0.04758852025077742,0.2168134342486805,0.035,1.0
2018-08-07,5279.642,2019-08-07,4885.4401,6260.0695,-0.07466451323782941,0.18569961751194497,0.035,1.0
2018-08-08,5191.786,2019-08-08,4923.3268,6260.0695,-0.05170844869183755,0.205764162852629,0.035,1.0
2018-08-09,5307.967,2019-08-09,4869.7924,6260.0695,-0.08255036250225356,0.1793723472659119,0.035,1.0
2018-08-10,5342.047,2019-08-10,4952.2171,6260.0695,-0.07297388061168308,0.17184845060329867,0.035,1.0
2018-08-13,5369.176,2019-08-13,4928.4648,6260.0695,-0.08208171980207035,0.16592741605043293,0.035,1.0
2018-08-14,5351.019,2019-08-14,4961.7505,6260.0695,-0.07274661143980243,0.16988362403497348,0.035,1.0
2018-08-15,5242.087,2019-08-15,4985.4213,6260.0695,-0.04896250291153126,0.194194125355035,0.035,1.0
2018-08-16,5178.237,2019-08-16,5013.5824,6260.0695,-0.031797424490227044,0.20891907805687526,0.035,1.0
2018-08-17,5084.207,2019-08-17,5173.1766,6260.0695,0.017499208824502954,0.23127746372246438,0.035,1.0
2018-08-20,5103.634,2019-08-20,5185.2652,6260.0695,0.015994720624558756,0.2265906019122843,0.035,1.0
2018-08-21,5162.026,2019-08-21,5186.6218,6260.0695,0.004764757093435712,0.21271560817399982,0.035,1.0
2018-08-22,5102.359,2019-08-22,5208.552,6260.0695,0.020812530047376043,0.2268971077887696,0.035,1.0
2018-08-23,5133.329,2019-08-23,5197.5481,6260.0695,0.012510224846293827,0.2194950878854638,0.035,1.0
2018-08-24,5116.139,2019-08-24,5168.6795,6260.0695,0.010269560698018543,0.22359253726296324,0.035,1.0
2018-08-27,5229.361,2019-08-27,5266.6579,6260.0695,0.0071322098436119585,0.19710027668772523,0.035,1.0
2018-08-28,5233.503,2019-08-28,5256.1774,6260.0695,0.004332547435245582,0.19615284447147552,0.035,1.0
2018-08-29,5203.712,2019-08-29,5260.9496,6260.0695,0.010999378904904766,0.2030007617639098,0.035,1.0
2018-08-30,5114.266,2019-08-30,5182.9555,6260.0695,0.01343095959420193,0.22404065412319185,0.035,1.0
2018-08-31,5057.985,2019-08-31,5317.5333,6260.0695,0.05131456498981324,0.2376607483019424,0.035,1.0
2018-09-03,5054.105,2019-09-03,5357.0603,6260.0695,0.05994242304028119,0.23861089154261728,0.035,1.0
2018-09-04,5113.147,2019-09-04,5394.7063,6260.0695,0.0550657550037188,0.2243085324947629,0.035,1.0
2018-09-05,5032.502,2019-09-05,5445.5743,6260.0695,0.08208090130913015,0.24392787126562476,0.035,1.0
2018-09-06,5012.509,2019-09-06,5468.4591,6260.0695,0.09096245014223414,0.2488894284279588,0.035,1.0
2018-09-07,5022.284,2019-09-07,5602.2416,6260.0695,0.11547686271823743,0.24645868294186468,0.035,1.0
2018-09-10,4923.644,2019-09-10,5614.5756,6260.0695,0.1403293170667903,0.27143016432544664,0.035,1.0
2018-09-11,4925.301,2019-09-11,5566.4083,6260.0695,0.13016611573587067,0.27100242198395574,0.035,1.0
2018-09-12,4919.806,2019-09-12,5592.9216,6260.0695,0.1368175086578618,0.2724220223317748,0.035,1.0
2018-09-13,4958.165,2019-09-13,5627.2352,6260.0695,0.13494310899294404,0.26257788919892744,0.035,1.0
2018-09-14,4907.934,2019-09-14,5627.2352,6260.0695,0.1465588575559491,0.27549993541070417,0.035,1.0
2018-09-17,4831.563,2019-09-17,5492.2224,6260.0695,0.13673823563927434,0.29566136258597875,0.035,1.0
2018-09-18,4917.35,2019-09-18,5485.8788,6260.0695,0.11561690748065523,0.2730575411552969,0.035,1.0
2018-09-19,4970.012,2019-09-19,5550.4072,6260.0695,0.11677943634743748,0.2595682867566518,0.035,1.0
2018-09-20,4951.585,2019-09-20,5556.4776,6260.0695,0.12216140892259753,0.26425568782521136,0.035,1.0
2018-09-21,5011.691,2019-09-21,5501.2148,6260.0695,0.09767637310440724,0.24909327011581528,0.035,1.0
2018-09-25,4995.695,2019-09-25,5421.6247,6260.0695,0.08525934829888548,0.2530928129119172,0.035,1.0
2018-09-26,5017.058,2019-09-26,5244.0766,6260.0695,0.045249347326660416,0.24775705204125598,0.035,1.0
2018-09-27,4945.691,2019-09-27,5291.4359,6260.0695,0.0699083100824538,0.2657623575755137,0.035,1.0
2018-09-28,4987.273,2019-09-28,5232.3865,6260.0695,0.04914780081218728,0.2552089087563483,0.035,1.0
2018-10-08,4817.434,2019-10-08,5237.1816,6260.0695,0.08713094979609459,0.2994613937627375,0.035,1.0
2018-10-09,4818.733,2019-10-09,5285.1493,6260.0695,0.09679231034381863,0.2991110941403061,0.035,1.0
2018-10-10,4812.427,2019-10-10,5366.9254,6260.0695,0.11522219453926263,0.3008133941564204,0.035,1.0
2018-10-11,4456.608,2019-10-11,5370.6541,6260.0695,0.20509905739970846,0.4046713329958569,0.035,1.0
2018-10-12,4427.68,2019-10-12,5455.6064,6260.0695,0.23215914429227036,0.413848674700972,0.035,1.0
2018-10-15,4358.869,2019-10-15,5375.5288,6260.0695,0.23323935635597226,0.4361683042091882,0.035,1.0
2018-10-16,4261.173,2019-10-16,5353.0154,6260.0695,0.2562304792600536,0.4690953641168758,0.035,1.0
2018-10-17,4292.197,2019-10-17,5347.2673,6260.0695,0.24581124771300122,0.45847674279628814,0.035,1.0
2018-10-18,4149.444,2019-10-18,5280.5324,6260.0695,0.2725879419025776,0.508652605023709,0.035,1.0
2018-10-19,4241.234,2019-10-19,5247.2982,6260.0695,0.2372102553172024,0.476001913594015,0.035,1.0
2018-10-22,4452.737,2019-10-22,5312.4584,6260.0695,0.1930770669814994,0.4058924881483006,0.035,1.0
2018-10-23,4379.056,2019-10-23,5269.7225,6260.0695,0.20339235214164897,0.429547715306678,0.035,1.0
2018-10-24,4377.551,2019-10-24,5259.4545,6260.0695,0.20146047413268264,0.43003919314703576,0.035,1.0
2018-10-25,4345.327,2019-10-25,5300.0943,6260.0695,0.219722773452953,0.4406440527951059,0.035,1.0
2018-10-26,4359.474,2019-10-26,5425.7542,6260.0695,0.24458918667710838,0.43596899534209843,0.035,1.0
2018-10-29,4296.699,2019-10-29,5366.7544,6260.0695,0.2490412756397411,0.45694857843195447,0.035,1.0
2018-10-30,4336.65,2019-10-30,5313.4166,6260.0695,0.2252352853008659,0.4435265700483093,0.035,1.0
2018-10-31,4400.613,2019-10-31,5253.8811,6260.0695,0.19389755472703452,0.4225448818153288,0.035,1.0
2018-11-01,4428.736,2019-11-01,5303.9905,6260.0695,0.19763076868885388,0.41351155273197593,0.035,1.0
2018-11-02,4564.177,2019-11-02,5337.0832,6260.0695,0.16934185505952115,0.371565892383227,0.035,1.0
2018-11-05,4598.201,2019-11-05,5352.061,6260.0695,0.16394672612180283,0.3614171063857363,0.035,1.0
2018-11-06,4603.109,2019-11-06,5304.8381,6260.0695,0.15244677021552167,0.3599655146119718,0.035,1.0
2018-11-07,4592.836,2019-11-07,5340.1711,6260.0695,0.1627175670979759,0.3630074098008287,0.035,1.0
2018-11-08,4572.378,2019-11-08,5321.7779,6260.0695,0.16389718872761616,0.3691058569523342,0.035,1.0
2018-11-09,4561.213,2019-11-09,5183.5711,6260.0695,0.13644574370896523,0.37245717312478055,0.035,1.0
2018-11-12,4697.346,2019-11-12,5196.7152,6260.0695,0.10630879649912961,0.33268222098180544,0.035,1.0
2018-11-13,4790.448,2019-11-13,5181.4922,6260.0695,0.08162998533748822,0.30678164129951924,0.035,1.0
2018-11-14,4791.2259,2019-11-14,5216.6437,6260.0695,0.0887910127552114,0.3065694731696953,0.035,1.0
2018-11-15,4871.0891,2019-11-15,5152.5637,6260.0695,0.057784736477105136,0.2851478122212956,0.035,1.0
2018-11-16,4923.9862,2019-11-16,5189.3522,6260.0695,0.053892514970899086,0.2713418043291833,0.035,1.0
2018-11-19,4942.4919,2019-11-19,5286.1488,6260.0695,0.06953110029376064,0.2665816407306605,0.035,1.0
2018-11-20,4811.8817,2019-11-20,5259.4697,6260.0695,0.0930172493642143,0.3009608070788605,0.035,1.0
2018-11-21,4847.0361,2019-11-21,5250.665,6260.0695,0.08327334306422851,0.2915252477694563,0.035,1.0
2018-11-22,4850.1307,2019-11-22,5181.1093,6260.0695,0.0682411713152391,0.2907011969801143,0.035,1.0
2018-11-23,4642.1171,2019-11-23,5151.3684,6260.0695,0.10970238126909804,0.34853761013482387,0.035,1.0
2018-11-26,4633.7314,2019-11-26,5147.7282,6260.0695,0.11092503117465968,0.35097806920789587,0.035,1.0
2018-11-27,4671.6439,2019-11-27,5145.967,6260.0695,0.10153237493123135,0.3400142720638446,0.035,1.0
2018-11-28,4728.5759,2019-11-28,5131.1284,6260.0695,0.08513186813814277,0.32388051548458807,0.035,1.0
2018-11-29,4617.3483,2019-11-29,5126.6146,6260.0695,0.11029410538511897,0.3557715583206058,0.035,1.0
2018-11-30,4648.1837,2019-11-30,5137.7835,6260.0695,0.10533142224994241,0.34677755958741474,0.035,1.0
2018-12-03,4802.2933,2019-12-03,5171.3562,6260.0695,0.07685138681554493,0.3035583436771758,0.035,1.0
2018-12-04,4846.1695,2019-12-04,5179.6944,6260.0695,0.06882237610549957,0.29175620043830497,0.035,1.0
2018-12-05,4816.9916,2019-12-05,5238.1302,6260.0695,0.08742772148491995,0.29958073831808196,0.035,1.0
2018-12-06,4730.9128,2019-12-06,5275.5098,6260.0695,0.1151145715473767,0.3232265663404321,0.035,1.0
2018-12-07,4731.9019,2019-12-07,5294.2815,6260.0695,0.1188485331870468,0.32294997493502553,0.035,1.0
2018-12-10,4676.6151,2019-12-10,5326.3609,6260.0695,0.13893506010362056,0.33858984888450605,0.035,1.0
2018-12-11,4720.4692,2019-12-11,5304.8817,6260.0695,0.12380390068004266,0.3261540823102924,0.035,1.0
2018-12-12,4718.8217,2019-12-12,5304.4232,6260.0695,0.12409909448369283,0.3266170874818175,0.035,1.0
2018-12-13,4763.7167,2019-12-13,5375.9765,6260.0695,0.12852565308931996,0.31411456520913594,0.035,1.0
2018-12-14,4641.8881,2019-12-14,5476.9884,6260.0695,0.1799053062050333,0.348604138044603,0.035,1.0
2018-12-17,4627.2282,2019-12-17,5545.6182,6260.0695,0.1984751908280642,0.3528767610812884,0.035,1.0
2018-12-18,4596.61,2019-12-18,5543.787,6260.0695,0.2060599006659256,0.36188832639706225,0.035,1.0
2018-12-19,4533.3964,2019-12-19,5568.113,6260.0695,0.2282431335587598,0.38087847336712044,0.035,1.0
2018-12-20,4550.5973,2019-12-20,5501.1575,6260.0695,0.20888690809885557,0.3756588613103602,0.035,1.0
2018-12-21,4517.7798,2019-12-21,5377.0867,6260.0695,0.1902055739856996,0.38565175310226474,0.035,1.0
2018-12-24,4558.3174,2019-12-24,5471.7354,6260.0695,0.20038490518453145,0.37332900512807643,0.035,1.0
2018-12-25,4514.6175,2019-12-25,5504.4168,6260.0695,0.21924322492437054,0.38662234397487705,0.035,1.0
2018-12-26,4494.4975,2019-12-26,5543.6643,6260.0695,0.23343361521504913,0.39282967673249325,0.035,1.0
2018-12-27,4424.6531,2019-12-27,5498.9254,6260.0695,0.24279243495947722,0.41481588692229887,0.035,1.0
2018-12-28,4430.0238,2019-12-28,5529.9961,6260.0695,0.24829941094221675,0.4131006474502461,0.035,1.0
2019-01-02,4408.5252,2020-01-02,5676.5579,6260.0695,0.2876319500226514,0.4199917695831703,0.035,1.0
2019-01-03,4376.8582,2020-01-03,5706.0438,6260.0695,0.30368486692120866,0.430265549841208,0.035,1.0
2019-01-04,4497.8933,2020-01-04,5764.7334,6260.0695,0.28165187911416223,0.39177812421650815,0.035,1.0
2019-01-07,4594.1482,2020-01-07,5852.3609,6260.0695,0.2738729020539652,0.36261810187141985,0.035,1.0
2019-01-08,4585.0325,2020-01-08,5772.4742,6260.0695,0.2589821773346208,0.36532718143219256,0.035,1.0
2019-01-09,4594.7385,2020-01-09,5864.1821,6260.0695,0.2762820125672003,0.36244304218836376,0.035,1.0
2019-01-10,4582.4828,2020-01-10,5851.8928,6260.0695,0.2770135874814412,0.366086851433463,0.035,1.0
2019-01-11,4621.6108,2020-01-11,5926.7222,6260.0695,0.2823931863756246,0.35452113362726245,0.035,1.0
2019-01-14,4594.1901,2020-01-14,5914.1131,6260.0695,0.28730265210401273,0.3626056745018018,0.035,1.0
2019-01-15,4644.1664,2020-01-15,5913.518,6260.0695,0.2733217311076537,0.3479425500343829,0.035,1.0
2019-01-16,4637.1968,2020-01-16,5902.1318,6260.0695,0.2727800985284905,0.3499684766452009,0.035,1.0
2019-01-17,4595.4901,2020-01-17,5879.4121,6260.0695,0.2793873933054496,0.3622202123773479,0.035,1.0
2019-01-18,4626.4129,2020-01-18,5954.8668,6260.0695,0.28714555503681893,0.3531151748258352,0.035,1.0
2019-01-21,4655.1105,2020-01-21,5901.8587,6260.0695,0.2678235457568623,0.3447735558586633,0.035,1.0
2019-01-22,4603.2028,2020-01-22,5919.587,6260.0695,0.28597136758780217,0.3599378024361646,0.035,1.0
2019-01-23,4609.6722,2020-01-23,5699.0083,6260.0695,0.23631530675868895,0.358029210840632,0.035,1.0
2019-01-24,4635.7473,2020-01-24,5200.1624,6260.0695,0.12175277543709084,0.35039058319680194,0.035,1.0
2019-01-25,4607.9448,2020-01-25,5200.1624,6260.0695,0.12852098401873224,0.35853830106645357,0.035,1.0
2019-01-28,4570.3992,2020-01-28,5200.1624,6260.0695,0.13779172725218403,0.3696986250128873,0.035,1.0
2019-01-29,4490.0512,2020-01-29,5200.1624,6260.0695,0.15815213866603584,0.39420893463308393,0.035,1.0
2019-01-30,4423.1355,2020-01-30,5200.1624,6260.0695,0.17567332043072148,0.4153013173573361,0.035,1.0
2019-01-31,4355.7359,2020-01-31,5200.1624,6260.0695,0.19386540400670316,0.4372013463901703,0.035,1.0
2019-02-01,4482.9853,2020-02-01,5200.1624,6260.0695,0.1599775711956941,0.3964064303311454,0.035,1.0
2019-02-11,4611.8298,2020-02-11,5623.2586,6260.0695,0.21931182282572514,0.3573938699992787,0.035,1.0
2019-02-12,4675.7918,2020-02-12,5754.2577,6260.0695,0.23064882829042999,0.3388255439431669,0.035,1.0
2019-02-13,4759.8256,2020-02-13,5707.5326,6260.0695,0.1991054041980025,0.3151888380112078,0.035,1.0
2019-02-14,4780.0441,2020-02-14,5727.8291,6260.0695,0.19827955143761122,0.30962588817956704,0.035,1.0
2019-02-15,4773.5144,2020-02-15,5936.4827,6260.0695,0.24362936875187802,0.3114173280801247,0.035,1.0
2019-02-18,4942.8759,2020-02-18,6072.1933,6260.0695,0.22847375148544602,0.2664832430852653,0.035,1.0
2019-02-19,4963.7511,2020-02-19,6018.0505,6260.0695,0.21239973132415924,0.261157010874296,0.035,1.0
2019-02-20,4967.0394,2020-02-20,6134.388,6260.0695,0.23501899340681698,0.2603220944854998,0.035,1.0
2019-02-21,4947.658,2020-02-21,6243.4783,6260.0695,0.2619057946204042,0.26525913876828167,0.035,1.0
2019-02-22,5059.5092,2020-02-22,6380.4145,6380.4145,0.2610738013876919,0.2610738013876919,0.035,1.0
2019-02-25,5324.2471,2020-02-25,6407.1434,6407.1434,0.20338956469544778,0.20338956469544778,0.035,1.0
2019-02-26,5323.7574,2020-02-26,6221.835,6407.1434,0.16869243515867183,0.2035002571679918,0.035,1.0
2019-02-27,5310.2745,2020-02-27,6232.089,6407.1434,0.17359074375533678,0.2065559699409134,0.035,1.0
2019-02-28,5330.3392,2020-02-28,5870.9664,6407.1434,0.10142453973660803,0.20201419827090916,0.035,1.0
2019-03-01,5364.3661,2020-03-01,6113.4111,6407.1434,0.13963346013986633,0.19438965957226517,0.035,1.0
2019-03-04,5482.2985,2020-03-04,6226.533,6407.1434,0.1357522761666481,0.16869656039341896,0.035,1.0
2019-03-05,5654.3058,2020-03-05,6315.8349,6407.1434,0.11699563543238134,0.1331441253141985,0.035,1.0
2019-03-06,5776.9732,2020-03-06,6296.7385,6407.1434,0.08997190778035802,0.10908310947331379,0.035,1.0
2019-03-07,5877.2974,2020-03-07,6049.6211,6407.1434,0.029320228035423224,0.09015129981341419,0.03432022803542322,0.0
2019-03-08,5633.3187,2020-03-08,6049.6211,6407.1434,0.07390002628468384,0.1373656881866101,0.035,1.0
2019-03-11,5876.342,2020-03-11,6122.9093,6407.1434,0.04195931754823001,0.09032854112303212,0.04695931754823001,0.0
2019-03-12,6006.1778,2020-03-12,5999.6395,6407.1434,-0.0010885958121319428,0.0667588628495146,0.005,0.0
2019-03-13,5866.6333,2020-03-13,5945.4645,6407.1434,0.013437212787783981,0.09213292741511547,0.018437212787783982,0.0
2019-03-14,5688.9504,2020-03-14,5657.7747,6407.1434,-0.005480044262646366,0.12624349827342507,0.035,1.0
2019-03-15,5777.1086,2020-03-15,5657.7747,6407.1434,-0.02065633663178834,0.1090571155266149,0.035,1.0
2019-03-18,5916.3436,2020-03-18,5556.1082,6407.1434,-0.060888181004227104,0.08295660853774622,0.005,0.0
2019-03-19,5941.9085,2020-03-19,5617.1948,6407.1434,-0.05464804784523347,0.07829721713149906,0.005,0.0
2019-03-20,5926.1695,2020-03-20,5670.471,6407.1434,-0.04314734838414602,0.08116100965387507,0.005,0.0
2019-03-21,5990.6386,2020-03-21,5416.5708,6407.1434,-0.09582747989504825,0.06952594336103002,0.005,0.0
2019-03-22,6014.5459,2020-03-22,5416.5708,6407.1434,-0.09942148749750157,0.0652746701957998,0.005,0.0
2019-03-25,5961.4351,2020-03-25,5646.6252,6407.1434,-0.05280773751944379,0.07476526918828652,0.005,0.0
2019-03-26,5788.3599,2020-03-26,5595.4333,6407.1434,-0.033330097529008285,0.1069013521429445,0.035,1.0
2019-03-27,5826.527,2020-03-27,5553.6122,6407.1434,-0.04684004725284896,0.09965051221765564,0.005,0.0
2019-03-28,5747.8634,2020-03-28,5415.4107,6407.1434,-0.057839352967225977,0.1147000118339625,0.035,1.0
2019-03-29,5911.2119,2020-03-29,5415.4107,6407.1434,-0.08387471273022706,0.08389675558746257,0.005,0.0
2019-04-01,6137.7333,2020-04-01,5403.303,6407.1434,-0.11965822952913252,0.04389407079646168,0.005,0.0
2019-04-02,6174.9422,2020-04-02,5538.604,6407.1434,-0.10305168524492425,0.03760378518198926,0.005,0.0
2019-04-03,6237.016,2020-04-03,5507.1187,6407.1434,-0.11702668391423077,0.027277050435657202,0.005,0.0
2019-04-04,6260.0695,2020-04-04,5695.1689,6407.1434,-0.09023871060856437,0.0234939723912011,0.005,0.0
2019-04-08,6230.2139,2020-04-08,5718.1282,6407.1434,-0.08219391953781874,0.028398623681283208,0.005,0.0
2019-04-09,6245.4321,2020-04-09,5789.2646,6407.1434,-0.07304018243989874,0.025892732065728508,0.005,0.0
2019-04-10,6235.7066,2020-04-10,5637.5316,6407.1434,-0.0959273805473786,0.027492762408032334,0.005,0.0
2019-04-11,6106.9498,2020-04-11,5578.856,6407.1434,-0.08647423301236246,0.04915606150880758,0.005,0.0
2019-04-12,6101.2045,2020-04-12,5578.856,6407.1434,-0.08561399638382883,0.050144016644582345,0.005,0.0
2019-04-15,6052.0525,2020-04-15,5657.9482,6407.1434,-0.06511911454832886,0.058672805630817004,0.005,0.0
2019-04-16,6179.8008,2020-04-16,5700.9604,6407.1434,-0.07748476293928441,0.03678801426738554,0.005,0.0
2019-04-17,6234.1109,2020-04-17,5710.0533,6407.1434,-0.0840629254766706,0.027755762253122596,0.005,0.0
2019-04-18,6202.8448,2020-04-18,5803.4021,6407.1434,-0.06439669423939154,0.03293627465900806,0.005,0.0
2019-04-19,6255.252,2020-04-19,5803.4021,6407.1434,-0.07223528324678208,0.0242822191655907,0.005,0.0
2019-04-22,6192.1441,2020-04-22,5826.5596,6407.1434,-0.05904005044068672,0.034721301140262506,0.005,0.0
2019-04-23,6078.2672,2020-04-23,5789.4817,6407.1434,-0.047511155810985084,0.05410690072986579,0.005,0.0
2019-04-24,6153.3905,2020-04-24,5675.5096,6407.1434,-0.07766139659103388,0.04123789965873281,0.005,0.0
2019-04-25,5899.9068,2020-04-25,5645.6565,6407.1434,-0.04309395192479981,0.08597366317718791,0.005,0.0
2019-04-26,5834.3774,2020-04-26,5645.6565,6407.1434,-0.03234636484091691,0.0981708862371502,0.005,0.0
2019-04-29,5622.4844,2020-04-29,5547.6279,6407.1434,-0.013313776379708542,0.13955734585942103,0.035,1.0
2019-04-30,5682.2357,2020-04-30,5678.1658,6407.1434,-0.0007162497676751478,0.12757438062627346,0.035,1.0
2019-05-06,5246.8299,2020-05-06,5802.4187,6407.1434,0.10589037773075138,0.22114562928750559,0.035,1.0
2019-05-07,5312.496,2020-05-07,5795.872,6407.1434,0.0909884920383941,0.20605143043872398,0.035,1.0
2019-05-08,5292.7459,2020-05-08,5862.7665,6407.1434,0.10769846328727017,0.2105518611804129,0.035,1.0
2019-05-09,5237.8246,2020-05-09,5851.8037,6407.1434,0.11722024826871835,0.22324512355759296,0.035,1.0
2019-05-10,5445.5262,2020-05-10,5851.8037,6407.1434,0.0746075741954928,0.17658848101768387,0.035,1.0
2019-05-13,5405.6148,2020-05-13,5917.0268,6407.1434,0.09460755509253072,0.18527561379327273,0.035,1.0
2019-05-14,5368.2288,2020-05-14,5863.2364,6407.1434,0.09221060026353567,0.19353023850250195,0.035,1.0
2019-05-15,5486.3865,2020-05-15,5889.9767,6407.1434,0.07356211597560636,0.1678257446864162,0.035,1.0
2019-05-16,5527.2751,2020-05-16,5860.0427,6407.1434,0.06020463862925873,0.15918663067810757,0.035,1.0
2019-05-17,5330.9863,2020-05-17,5860.0427,6407.1434,0.09924174819207487,0.20186829217700297,0.035,1.0
2019-05-20,5313.1491,2020-05-20,5865.8412,6407.1434,0.10402345004773172,0.20590318084617665,0.035,1.0
2019-05-21,5418.0453,2020-05-21,5791.6402,6407.1434,0.06895381624070218,0.1825562624956274,0.035,1.0
2019-05-22,5395.4299,2020-05-22,5683.9962,6407.1434,0.05348346755464273,0.18751304692143256,0.035,1.0
2019-05-23,5267.8266,2020-05-23,5671.9722,6407.1434,0.07671960956345836,0.21627834143211921,0.035,1.0
2019-05-24,5200.774,2020-05-24,5671.9722,6407.1434,0.09060155276887638,0.23195958909193126,0.035,1.0
2019-05-27,5354.634,2020-05-27,5772.0836,6407.1434,0.07796043576461065,0.19656047453476755,0.035,1.0
2019-05-28,5354.5254,2020-05-28,5758.9271,6407.1434,0.07552521835081771,0.1965847430661174,0.035,1.0
2019-05-29,5376.5125,2020-05-29,5816.4003,6407.1434,0.08181656789601077,0.19169134266869103,0.035,1.0
2019-05-30,5341.9803,2020-05-30,5993.7853,6407.1434,0.12201561282433016,0.19939480121257658,0.035,1.0
2019-05-31,5334.2477,2020-05-31,5993.7853,6407.1434,0.12364210233431794,0.20113346067525129,0.035,1.0
2019-06-03,5255.0737,2020-06-03,5994.6378,6407.1434,0.14073334499571355,0.2192299795909618,0.035,1.0
2019-06-04,5160.9769,2020-06-04,6006.7648,6407.1434,0.16388135742285548,0.24145942214932226,0.035,1.0
2019-06-05,5158.4652,2020-06-05,6015.3274,6407.1434,0.16610797335610616,0.2420638991613242,0.035,1.0
2019-06-06,5030.8005,2020-06-06,6001.4315,6407.1434,0.19293768456928473,0.2735832796390951,0.035,1.0
2019-06-10,5098.9383,2020-06-10,6049.322,6407.1434,0.18638854680787187,0.2565642145542337,0.035,1.0
2019-06-11,5289.6243,2020-06-11,6027.4085,6407.1434,0.1394776184766089,0.21126625193399828,0.035,1.0
2019-06-12,5264.8861,2020-06-12,6031.1709,6407.1434,0.1455463205557288,0.21695764700398756,0.035,1.0
2019-06-13,5294.1125,2020-06-13,6028.9556,6407.1434,0.13880383161483634,0.21023937439939178,0.035,1.0
2019-06-14,5173.0685,2020-06-14,6028.9556,6407.1434,0.1654505638191337,0.2385576181718838,0.035,1.0
2019-06-17,5160.6726,2020-06-17,6178.1413,6407.1434,0.1971581572526031,0.24153262503031092,0.035,1.0
2019-06-18,5160.8783,2020-06-18,6149.2892,6407.1434,0.19151990078898007,0.24148314057318498,0.035,1.0
2019-06-19,5234.2753,2020-06-19,6187.1082,6407.1434,0.182037215352429,0.22407459156762344,0.035,1.0
2019-06-20,5317.31,2020-06-20,6228.0162,6407.1434,0.17127197774814706,0.20495953781141196,0.035,1.0
2019-06-21,5406.04,2020-06-21,6228.0162,6407.1434,0.15204774659454978,0.18518238858757985,0.035,1.0
2019-06-24,5403.7981,2020-06-24,6227.5693,6407.1434,0.15244300115505793,0.18567409096946097,0.035,1.0
2019-06-25,5351.6898,2020-06-25,6211.3813,6407.1434,0.16063926201402778,0.19721875509301756,0.035,1.0
2019-06-26,5351.391,2020-06-26,6211.3813,6407.1434,0.16070406740976328,0.1972856029394976,0.035,1.0
2019-06-27,5397.5712,2020-06-27,6211.3813,6407.1434,0.15077338859374367,0.18704194212389447,0.035,1.0
2019-06-28,5321.4331,2020-06-28,6211.3813,6407.1434,0.1672384455984235,0.2040259230168655,0.035,1.0
2019-07-01,5481.4086,2020-07-01,6339.3685,6407.1434,0.15652179259178012,0.16888629685442536,0.035,1.0
2019-07-02,5483.515,2020-07-02,6413.952,6413.952,0.16967893768869047,0.16967893768869047,0.035,1.0
2019-07-03,5428.5142,2020-07-03,6478.3539,6478.3539,0.19339356245950334,0.19339356245950334,0.035,1.0
2019-07-04,5404.3836,2020-07-04,6725.9962,6725.9962,0.2445445582360215,0.2445445582360215,0.035,1.0
2019-07-05,5424.2503,2020-07-05,6725.9962,6725.9962,0.23998632585225654,0.23998632585225654,0.035,1.0
2019-07-08,5244.2661,2020-07-08,6973.9967,6973.9967,0.329832729121049,0.329832729121049,0.035,1.0
2019-07-09,5260.3435,2020-07-09,7182.1769,7182.1769,0.36534370806773375,0.36534370806773375,0.035,1.0
2019-07-10,5214.6441,2020-07-10,7150.4243,7182.1769,0.37122000329801974,0.377309124509571,0.035,1.0
2019-07-11,5206.3985,2020-07-11,7403.0857,7403.0857,0.42192068086989476,0.42192068086989476,0.035,1.0
2019-07-12,5219.1888,2020-07-12,7403.0857,7403.0857,0.41843607956853357,0.41843607956853357,0.035,1.0
2019-07-15,5273.8148,2020-07-15,7131.4636,7403.0857,0.3522400521155957,0.40374396537398316,0.035,1.0
2019-07-16,5285.229,2020-07-16,6758.1403,7403.0857,0.2786844808427411,0.40071238162055023,0.035,1.0
2019-07-17,5289.4244,2020-07-17,6772.5322,7403.0857,0.2803911518236275,0.3996013819575528,0.035,1.0
2019-07-18,5194.6017,2020-07-18,7003.6672,7403.0857,0.3482587510029882,0.42514982428777914,0.035,1.0
2019-07-19,5220.0273,2020-07-19,7003.6672,7403.0857,0.3416916804247365,0.41820823427494336,0.035,1.0
2019-07-22,5073.3332,2020-07-22,7125.5686,7403.0857,0.40451421562455225,0.45921535372445077,0.035,1.0
2019-07-23,5131.0973,2020-07-23,7119.6711,7403.0857,0.3875533211970077,0.44278801729212947,0.035,1.0
2019-07-24,5194.829,2020-07-24,6784.6347,7403.0857,0.30603619483913724,0.4250874667866835,0.035,1.0
2019-07-25,5211.0858,2020-07-25,6786.529,7403.0857,0.3023253234479464,0.42064168277559344,0.035,1.0
2019-07-26,5216.6018,2020-07-26,6786.529,7403.0857,0.30094825332460684,0.41913950572190495,0.035,1.0
2019-07-29,5218.9831,2020-07-29,7060.5347,7403.0857,0.35285640223667314,0.418491985536416,0.035,1.0
2019-07-30,5239.7181,2020-07-30,7048.9813,7403.0857,0.3452978128727957,0.4128786241381954,0.035,1.0
2019-07-31,5200.0945,2020-07-31,7141.592,7403.0857,0.3733581187803412,0.4236444549228864,0.035,1.0
2019-08-01,5173.2289,2020-08-01,7373.3412,7403.0857,0.4252880246609616,0.43103772191483736,0.035,1.0
2019-08-02,5091.0633,2020-08-02,7373.3412,7403.0857,0.4482910082850473,0.45413350095254157,0.035,1.0
2019-08-05,5032.6422,2020-08-05,7427.1891,7427.1891,0.47580312782816137,0.47580312782816137,0.035,1.0
2019-08-06,4899.8161,2020-08-06,7432.7659,7432.7659,0.5169479319846311,0.5169479319846311,0.035,1.0
2019-08-07,4885.4401,2020-08-07,7339.8113,7432.7659,0.5023848721428394,0.5214117352498091,0.035,1.0
2019-08-08,4923.3268,2020-08-08,7358.862,7432.7659,0.494692978739498,0.5097039465265643,0.035,1.0
2019-08-09,4869.7924,2020-08-09,7358.862,7432.7659,0.5111243756510031,0.5263003613870685,0.035,1.0
2019-08-12,4952.2171,2020-08-12,7092.355,7432.7659,0.43215752798882745,0.5008966186074517,0.035,1.0
2019-08-13,4928.4648,2020-08-13,7113.9297,7432.7659,0.44343725453816774,0.5081300570514373,0.035,1.0
2019-08-14,4961.7505,2020-08-14,7183.9582,7432.7659,0.44786768298809054,0.49801282833548366,0.035,1.0
2019-08-15,4985.4213,2020-08-15,7339.6933,7432.7659,0.4722313037014545,0.4909002575168522,0.035,1.0
2019-08-16,5013.5824,2020-08-16,7339.6933,7432.7659,0.46396183694916426,0.4825259279671956,0.035,1.0
2019-08-19,5173.1766,2020-08-19,7256.1312,7432.7659,0.40264517550009793,0.4367895153627659,0.035,1.0
2019-08-20,5185.2652,2020-08-20,7151.261,7432.7659,0.37915048202356183,0.43343987497495795,0.035,1.0
2019-08-21,5186.6218,2020-08-21,7194.274,7432.7659,0.38708282142337813,0.43306494797827755,0.035,1.0
2019-08-22,5208.552,2020-08-22,7253.6399,7432.7659,0.3926403921857746,0.42703114032460476,0.035,1.0
2019-08-23,5197.5481,2020-08-23,7253.6399,7432.7659,0.3955887969560108,0.4300523548786399,0.035,1.0
2019-08-26,5168.6795,2020-08-26,7037.9776,7432.7659,0.36165873701397033,0.4380396192102838,0.035,1.0
2019-08-27,5266.6579,2020-08-27,7113.8036,7432.7659,0.35072445088943405,0.4112870137245861,0.035,1.0
2019-08-28,5256.1774,2020-08-28,7204.7816,7432.7659,0.37072649031975224,0.41410103471774007,0.035,1.0
2019-08-29,5260.9496,2020-08-29,7224.0458,7432.7659,0.3731448406196478,0.41281830565341293,0.035,1.0
2019-08-30,5182.9555,2020-08-30,7224.0458,7432.7659,0.39380818531048556,0.4340786641907306,0.035,1.0
2019-09-02,5317.5333,2020-09-02,7272.6243,7432.7659,0.3676687835692538,0.39778455172062577,0.035,1.0
2019-09-03,5357.0603,2020-09-03,7189.8606,7432.7659,0.3421279950871563,0.3874710165200119,0.035,1.0
2019-09-04,5394.7063,2020-09-04,7182.1053,7432.7659,0.3313246172456137,0.377788796398425,0.035,1.0
2019-09-05,5445.5743,2020-09-05,7057.1942,7432.7659,0.29595040141128903,0.3649186459543854,0.035,1.0
2019-09-06,5468.4591,2020-09-06,7057.1942,7432.7659,0.2905270151878798,0.3592066364727864,0.035,1.0
2019-09-09,5602.2416,2020-09-09,6877.602,7432.7659,0.22765180280693342,0.32674854651038254,0.035,1.0
2019-09-10,5614.5756,2020-09-10,6633.8901,7432.7659,0.18154791610607202,0.32383396885777094,0.035,1.0
2019-09-11,5566.4083,2020-09-11,6742.0594,7432.7659,0.21120461105952293,0.3352893822036016,0.035,1.0
2019-09-12,5592.9216,2020-09-12,6848.3586,7432.7659,0.22446890727021818,0.32895942971916514,0.035,1.0
2019-09-16,5627.2352,2020-09-16,6812.9115,7432.7659,0.21070317089287482,0.3208557374676644,0.035,1.0
2019-09-17,5492.2224,2020-09-17,6825.1524,7432.7659,0.24269410503114375,0.35332573203881923,0.035,1.0
2019-09-18,5485.8788,2020-09-18,6929.7672,7432.7659,0.26320092963045405,0.3548906512480734,0.035,1.0
2019-09-19,5550.4072,2020-09-19,6927.1898,7432.7659,0.24805073761074703,0.3391388473263728,0.035,1.0
2019-09-20,5556.4776,2020-09-20,6927.1898,7432.7659,0.24668725380985967,0.3376758506144253,0.035,1.0
2019-09-23,5501.2148,2020-09-23,6862.9655,7432.7659,0.2475363623321889,0.3511135576818416,0.035,1.0
2019-09-24,5528.8929,2020-09-24,6675.1518,7432.7659,0.20732159597448518,0.3443497702767946,0.035,1.0
2019-09-25,5421.6247,2020-09-25,6634.3886,7432.7659,0.22369012373726282,0.37094806654543966,0.035,1.0
2019-09-26,5244.0766,2020-09-26,6550.3689,7432.7659,0.2490986306340377,0.4173640979996365,0.035,1.0
2019-09-27,5291.4359,2020-09-27,6550.3689,7432.7659,0.23791897394051387,0.40467843520508295,0.035,1.0
2019-09-30,5232.3865,2020-09-30,6617.1587,7432.7659,0.26465403501824647,0.42053074634299303,0.035,1.0
2019-10-08,5237.1816,2020-10-08,6822.3647,7432.7659,0.3026786583073613,0.419230125608018,0.035,1.0
2019-10-09,5285.1493,2020-10-09,6822.3647,7432.7659,0.2908556244570044,0.4063492775880524,0.035,1.0
2019-10-10,5366.9254,2020-10-10,7036.2753,7432.7659,0.31104399177972564,0.38492066612291653,0.035,1.0
2019-10-11,5370.6541,2020-10-11,7036.2753,7432.7659,0.3101337693671242,0.3839591531318318,0.035,1.0
2019-10-14,5455.6064,2020-10-14,6988.6091,7432.7659,0.2809958394359242,0.3624087507485878,0.035,1.0
2019-10-15,5375.5288,2020-10-15,6926.8462,7432.7659,0.2885887989289537,0.3827041350796967,0.035,1.0
2019-10-16,5353.0154,2020-10-16,6906.3883,7432.7659,0.2901865180511156,0.38851943149649815,0.035,1.0
2019-10-17,5347.2673,2020-10-17,6858.3558,7432.7659,0.28259079174889945,0.39001203474529866,0.035,1.0
2019-10-18,5280.5324,2020-10-18,6858.3558,7432.7659,0.29880006038785023,0.40757888352318417,0.035,1.0
2019-10-21,5247.2982,2020-10-21,6815.0928,7432.7659,0.29878130425292015,0.4164939015663338,0.035,1.0
2019-10-22,5312.4584,2020-10-22,6771.8073,7432.7659,0.2747031204987882,0.39911983122540784,0.035,1.0
2019-10-23,5269.7225,2020-10-23,6641.3292,7432.7659,0.2602806314753765,0.41046628166853205,0.035,1.0
2019-10-24,5259.4545,2020-10-24,6648.521,7432.7659,0.26410847360691103,0.4132199261349254,0.035,1.0
2019-10-25,5300.0943,2020-10-25,6648.521,7432.7659,0.2544156053978135,0.40238370853137484,0.035,1.0
2019-10-28,5425.7542,2020-10-28,6685.429,7432.7659,0.23216584341399016,0.36990464846343385,0.035,1.0
2019-10-29,5366.7544,2020-10-29,6674.7417,7432.7659,0.24372035731689157,0.38496479361902614,0.035,1.0
2019-10-30,5313.4166,2020-10-30,6511.1579,7432.7659,0.22541829300567184,0.39886751962946043,0.035,1.0
2019-10-31,5253.8811,2020-10-31,6513.7878,7432.7659,0.23980495104847366,0.4147190921393331,0.035,1.0
2019-11-01,5303.9905,2020-11-01,6513.7878,7432.7659,0.22809190551906156,0.40135354691906033,0.035,1.0
2019-11-04,5337.0832,2020-11-04,6632.6822,7432.7659,0.24275413206974172,0.3926644238935606,0.035,1.0
2019-11-05,5352.061,2020-11-05,6754.9495,7432.7659,0.2621211716383651,0.38876703759542375,0.035,1.0
2019-11-06,5304.8381,2020-11-06,6688.6623,7432.7659,0.26086077914423056,0.4011296405068423,0.035,1.0
2019-11-07,5340.1711,2020-11-07,6851.9834,7432.7659,0.2831018466805306,0.39185912975709725,0.035,1.0
2019-11-08,5321.7779,2020-11-08,6851.9834,7432.7659,0.2875365204549405,0.39666969190878865,0.035,1.0
2019-11-11,5183.5711,2020-11-11,6663.7308,7432.7659,0.28554825841976017,0.4339083532586252,0.035,1.0
2019-11-12,5196.7152,2020-11-12,6676.4219,7432.7659,0.28473884810928274,0.4302815555487822,0.035,1.0
2019-11-13,5181.4922,2020-11-13,6686.3913,7432.7659,0.2904373956212847,0.4344836609037066,0.035,1.0
2019-11-14,5216.6437,2020-11-14,6747.8105,7432.7659,0.29351569477516737,0.42481762747185536,0.035,1.0
2019-11-15,5152.5637,2020-11-15,6747.8105,7432.7659,0.30960253824712547,0.44253741103676236,0.035,1.0
2019-11-18,5189.3522,2020-11-18,6682.1248,7432.7659,0.2876606833508042,0.432310934686607,0.035,1.0
2019-11-19,5286.1488,2020-11-19,6718.4582,7432.7659,0.2709551800736294,0.4060833664008854,0.035,1.0
2019-11-20,5259.4697,2020-11-20,6766.0605,7432.7659,0.28645298593506485,0.4132158418937182,0.035,1.0
2019-11-21,5250.665,2020-11-21,6807.7175,7432.7659,0.2965438663483577,0.41558562582072955,0.035,1.0
2019-11-22,5181.1093,2020-11-22,6807.7175,7432.7659,0.31394979449671134,0.4345896736824295,0.035,1.0
2019-11-25,5151.3684,2020-11-25,6691.8739,7432.7659,0.29904782193407087,0.4428721308303245,0.035,1.0
2019-11-26,5147.7282,2020-11-26,6643.1846,7432.7659,0.2905080342042923,0.44389245337389815,0.035,1.0
2019-11-27,5145.967,2020-11-27,6641.7734,7432.7659,0.2906754745998177,0.4443866235442242,0.035,1.0
2019-11-28,5131.1284,2020-11-28,6622.3592,7432.7659,0.2906243390829979,0.448563614194492,0.035,1.0
2019-11-29,5126.6146,2020-11-29,6622.3592,7432.7659,0.2917606874524954,0.44983902242232143,0.035,1.0
2019-12-02,5137.7835,2020-12-02,6735.712,7432.7659,0.3110151488477475,0.44668725336519155,0.035,1.0
2019-12-03,5171.3562,2020-12-03,6711.8429,7432.7659,0.2978883372992174,0.43729528822632635,0.035,1.0
2019-12-04,5179.6944,2020-12-04,6746.6295,7432.7659,0.3025149707673873,0.434981550262888,0.035,1.0
2019-12-05,5238.1302,2020-12-05,6733.002,7432.7659,0.28538271156375616,0.4189731099085703,0.035,1.0
2019-12-06,5275.5098,2020-12-06,6733.002,7432.7659,0.2762751383762003,0.4089189825787074,0.035,1.0
2019-12-09,5294.2815,2020-12-09,6602.5166,7432.7659,0.24710342659339135,0.4039234407917298,0.035,1.0
2019-12-10,5326.3609,2020-12-10,6605.1915,7432.7659,0.24009462070059895,0.39546794510300654,0.035,1.0
2019-12-11,5304.8817,2020-12-11,6498.2391,7432.7659,0.2249545734450591,0.4011181248396172,0.035,1.0
2019-12-12,5304.4232,2020-12-12,6576.8161,7432.7659,0.2398739414306159,0.40123923370216774,0.035,1.0
2019-12-13,5375.9765,2020-12-13,6576.8161,7432.7659,0.22337143772856893,0.3825889863915888,0.035,1.0
2019-12-16,5476.9884,2020-12-16,6543.3624,7432.7659,0.1947007957876996,0.3570899474609075,0.035,1.0
2019-12-17,5545.6182,2020-12-17,6597.8596,7432.7659,0.18974284958888799,0.3402952803350221,0.035,1.0
2019-12-18,5543.787,2020-12-18,6573.4036,7432.7659,0.1857244154582416,0.34073800093690476,0.035,1.0
2019-12-19,5568.113,2020-12-19,6691.5884,7432.7659,0.2017695043186083,0.3348805780342461,0.035,1.0
2019-12-20,5501.1575,2020-12-20,6691.5884,7432.7659,0.21639644020372062,0.35112763086677656,0.035,1.0
2019-12-23,5377.0867,2020-12-23,6601.2429,7432.7659,0.2276616071673161,0.38230352506683607,0.035,1.0
2019-12-24,5471.7354,2020-12-24,6496.3259,7432.7659,0.18725147052980673,0.3583927870488768,0.035,1.0
2019-12-25,5504.4168,2020-12-25,6561.2749,7432.7659,0.19200183023930895,0.35032759510507994,0.035,1.0
2019-12-26,5543.6643,2020-12-26,6519.4714,7432.7659,0.17602204015131284,0.3407676759936564,0.035,1.0
2019-12-27,5498.9254,2020-12-27,6519.4714,7432.7659,0.18559007910891112,0.3516760747472589,0.035,1.0
2019-12-30,5529.9961,2020-12-30,6526.8785,7432.7659,0.18026819223254043,0.3440815808170281,0.035,1.0
2019-12-31,5567.033,2020-12-31,6646.4735,7432.7659,0.19389870690545563,0.3351395438108593,0.035,1.0
2020-01-02,5676.5579,2021-01-02,6798.7644,7432.7659,0.19769136856685643,0.30937903407978995,0.035,1.0
2020-01-03,5706.0438,2021-01-03,6798.7644,7432.7659,0.1915023154922153,0.30261283658565685,0.035,1.0
2020-01-06,5764.7334,2021-01-06,6724.9502,7432.7659,0.16656742530365753,0.2893511953215391,0.035,1.0
2020-01-07,5852.3609,2021-01-07,6616.5524,7432.7659,0.1305783277992989,0.2700457177888671,0.035,1.0
2020-01-08,5772.4742,2021-01-08,6585.3587,7432.7659,0.1408208112909366,0.28762219500262143,0.035,1.0
2020-01-09,5864.1821,2021-01-09,6475.9548,7432.7659,0.10432361914545596,0.26748552027400385,0.035,1.0
2020-01-10,5851.8928,2021-01-10,6475.9548,7432.7659,0.10664276009977502,0.27014731028565686,0.035,1.0
2020-01-13,5926.7222,2021-01-13,6513.6399,7432.7659,0.09902905521706407,0.2541107291986793,0.035,1.0
2020-01-14,5914.1131,2021-01-14,6506.8268,7432.7659,0.10022021729682518,0.2567845379893057,0.035,1.0
2020-01-15,5913.518,2021-01-15,6528.461,7432.7659,0.10398936808850512,0.2569110130382626,0.035,1.0
2020-01-16,5902.1318,2021-01-16,6652.0961,7432.7659,0.12706668122863674,0.2593358047341472,0.035,1.0
2020-01-17,5879.4121,2021-01-17,6652.0961,7432.7659,0.13142198350069734,0.2642022320565012,0.035,1.0
2020-01-20,5954.8668,2021-01-20,6671.4485,7432.7659,0.12033547081187446,0.24818340185207854,0.035,1.0
2020-01-21,5901.8587,2021-01-21,6745.1085,7432.7659,0.14287868328667375,0.25939407868236497,0.035,1.0
2020-01-22,5919.587,2021-01-22,6721.9167,7432.7659,0.13553812115608732,0.25562237703407353,0.035,1.0
2020-01-23,5699.0083,2021-01-23,6657.2723,7432.7659,0.16814574563788565,0.30422092910445486,0.035,1.0
2020-02-03,5200.1624,2021-02-03,6307.3903,7432.7659,0.2129217925963236,0.4293334185101605,0.035,1.0
2020-02-04,5212.1,2021-02-04,6167.7466,7432.7659,0.1833515473609486,0.4260597264058632,0.035,1.0
2020-02-05,5348.3408,2021-02-05,6045.297,7432.7659,0.13031260087240515,0.3897330364587088,0.035,1.0
2020-02-06,5515.6411,2021-02-06,6088.8187,7432.7659,0.10391858164955647,0.34757968570507614,0.035,1.0
2020-02-07,5583.5955,2021-02-07,6088.8187,7432.7659,0.090483488640966,0.33117914791642766,0.035,1.0
2020-02-10,5661.5621,2021-02-10,6303.3064,7432.7659,0.11335110145661043,0.31284719106057324,0.035,1.0
2020-02-11,5623.2586,2021-02-11,6404.5949,7432.7659,0.13894724670851888,0.32178980707022786,0.035,1.0
2020-02-12,5754.2577,2021-02-12,6404.5949,7432.7659,0.11301843502768394,0.29169847572172514,0.035,1.0
2020-02-13,5707.5326,2021-02-13,6404.5949,7432.7659,0.12213023540154655,0.30227305228182155,0.035,1.0
2020-02-14,5727.8291,2021-02-14,6404.5949,7432.7659,0.11815397914019465,0.2976584619118612,0.035,1.0
2020-02-17,5936.4827,2021-02-17,6404.5949,7432.7659,0.07885345981046998,0.25204877628970457,0.035,1.0
2020-02-18,6072.1933,2021-02-18,6404.5949,7432.7659,0.05474160382871873,0.22406608827818442,0.035,1.0
2020-02-19,6018.0505,2021-02-19,6527.6465,7432.7659,0.08467792020023746,0.23507868536497,0.035,1.0
2020-02-20,6134.388,2021-02-20,6534.5739,7432.7659,0.06523648324820663,0.21165565334308822,0.035,1.0
2020-02-21,6243.4783,2021-02-21,6534.5739,7432.7659,0.04662394678299764,0.19048478153595894,0.035,1.0
2020-02-26,6221.835,2021-02-26,6325.4046,7432.7659,0.016646150211312216,0.19462600663630591,0.035,1.0
2020-02-27,6232.089,2021-02-27,6495.1565,7432.7659,0.04221176879855215,0.19266042253247684,0.035,1.0
2020-02-28,5870.9664,2021-02-28,6495.1565,7432.7659,0.10631811825732806,0.2660208547608107,0.035,1.0
2020-03-02,6113.4111,2021-03-02,6466.6317,7432.7659,0.05777798911641985,0.21581319797060594,0.035,1.0
2020-03-03,6195.8915,2021-03-03,6553.596,7432.7659,0.0577325313072381,0.1996281568197249,0.035,1.0
2020-03-04,6226.533,2021-03-04,6434.894,7432.7659,0.033463405718720196,0.19372464580208604,0.035,1.0
2020-03-09,6049.6211,2021-03-09,6126.2831,7432.7659,0.01267219859438784,0.22863329407522737,0.035,1.0
2020-03-10,6206.408,2021-03-10,6078.2443,7432.7659,-0.020650221512991118,0.19759543684527348,0.035,1.0
2020-03-11,6122.9093,2021-03-11,6219.6635,7432.7659,0.01580199791625181,0.2139271604104931,0.035,1.0
2020-03-12,5999.6395,2021-03-12,6220.4779,7432.7659,0.03680861158407933,0.23886875203085123,0.035,1.0
2020-03-13,5945.4645,2021-03-13,6177.7382,7432.7659,0.03906737648504999,0.2501573089873803,0.035,1.0
2020-03-16,5657.7747,2021-03-16,6233.463,7432.7659,0.10175171874553435,0.3137260308368237,0.035,1.0
2020-03-17,5642.9188,2021-03-17,6277.5814,7432.7659,0.11247062424502707,0.31718462792695146,0.035,1.0
2020-03-18,5556.1082,2021-03-18,6298.8857,7432.7659,0.1336866513866668,0.3377647865100972,0.035,1.0
2020-03-19,5617.1948,2021-03-19,6250.8147,7432.7659,0.11280005813577976,0.3232166881590077,0.035,1.0
2020-03-20,5670.471,2021-03-20,6359.6002,7432.7659,0.12152944614301009,0.3107845715109028,0.035,1.0
2020-03-23,5416.5708,2021-03-23,6289.0012,7432.7659,0.1610669244829217,0.37222722169532063,0.035,1.0
2020-03-24,5517.2552,2021-03-24,6196.267,7432.7659,0.12307058045819597,0.3471854446754612,0.035,1.0
2020-03-25,5646.6252,2021-03-25,6190.712,7432.7659,0.09635610311093434,0.3163200383832807,0.035,1.0
2020-03-26,5595.4333,2021-03-26,6301.3414,7432.7659,0.12615789736962824,0.32836288120886015,0.035,1.0
2020-03-27,5553.6122,2021-03-27,6326.6093,7432.7659,0.1391881665774215,0.33836602778998515,0.035,1.0
2020-03-30,5415.4107,2021-03-30,6301.5848,7432.7659,0.16363931548164934,0.37252118292708625,0.035,1.0
2020-06-15,6028.9556,2021-06-15,6815.1187,7432.7659,0.13039789180069583,0.23284469038053612,0.035,1.0
2020-10-30,6511.1579,2021-10-30,7455.6105,7972.2325,0.14505140475859135,0.224395510359225,0.035,1.0
2020-11-02,6513.7878,2021-11-02,7368.5999,7972.2325,0.1312311862538722,0.22390116853361408,0.035,1.0
2020-12-11,6498.2391,2021-12-11,7984.8993,8055.8207,0.22877893181862152,0.23969287310465393,0.035,1.0
2020-12-14,6576.8161,2021-12-14,7981.8275,8055.8207,0.21363093914090148,0.22488155020785827,0.035,1.0
2020-12-15,6596.503,2021-12-15,7955.5813,8055.8207,0.20603011929199466,0.22122595866324946,0.035,1.0
2020-12-16,6543.3624,2021-12-16,8005.9752,8055.8207,0.22352617975125444,0.23114389935058477,0.035,1.0
2020-12-17,6597.8596,2021-12-17,7894.1034,8055.8207,0.19646428972207897,0.22097485978634657,0.035,1.0
2020-12-18,6573.4036,2021-12-18,7751.9508,8055.8207,0.17929025383440633,0.22551743209560438,0.035,1.0
2020-12-21,6691.5884,2021-12-21,7849.0325,8055.8207,0.1729700081373804,0.2038727157815028,0.035,1.0
2020-12-22,6549.9694,2021-12-22,7930.8115,8055.8207,0.21081657266978993,0.22990203587821356,0.035,1.0
2020-12-23,6601.2429,2021-12-23,7932.6616,8055.8207,0.20169212376657142,0.22034908001946119,0.035,1.0
2020-12-24,6496.3259,2021-12-24,7776.6064,8055.8207,0.1970776281405464,0.24005796876662244,0.035,1.0
2020-12-25,6561.2749,2021-12-25,7776.4312,8055.8207,0.18520124800745652,0.22778283531452104,0.035,1.0
2020-12-28,6519.4714,2021-12-28,7863.5299,8055.8207,0.2061606559083915,0.2356555011499859,0.035,1.0
2020-12-29,6477.2617,2021-12-29,7855.4293,8055.8207,0.21277009696860016,0.24370776928775317,0.035,1.0
2020-12-30,6526.8785,2021-12-30,7924.5275,8055.8207,0.21413743185199485,0.23425320388605364,0.035,1.0
2020-12-31,6646.4735,2021-12-31,8010.3235,8055.8207,0.2051990427705761,0.212044357056415,0.035,1.0
2021-01-04,6798.7644,2022-01-04,7983.0677,8055.8207,0.17419390205667362,0.18489481706411248,0.035,1.0
2021-01-05,6807.4471,2022-01-05,7781.6778,8055.8207,0.14311248926194375,0.1833835183236312,0.035,1.0
2021-01-06,6724.9502,2022-01-06,7844.5166,8055.8207,0.16647950790773147,0.19790042460091373,0.035,1.0
2021-01-07,6616.5524,2022-01-07,7682.6973,8055.8207,0.16113299427659644,0.21752541399052494,0.035,1.0
2021-01-08,6585.3587,2022-01-08,7734.1865,8055.8207,0.17445181839525303,0.2232926203397243,0.035,1.0
2021-01-11,6475.9548,2022-01-11,7646.6932,8055.8207,0.18078236123575153,0.24395875956391788,0.035,1.0
2021-01-12,6564.7354,2022-01-12,7779.5237,8055.8207,0.18504756490261598,0.22713562834535583,0.035,1.0
2021-01-13,6513.6399,2022-01-13,7644.7873,8055.8207,0.17365826440605048,0.23676175282578948,0.035,1.0
2021-01-14,6506.8268,2022-01-14,7675.3707,8055.8207,0.17958736814694376,0.23805672835797642,0.035,1.0
2021-01-15,6528.461,2022-01-15,7808.0861,8055.8207,0.1960071600335822,0.23395402071024085,0.035,1.0
2021-01-18,6652.0961,2022-01-18,7758.6048,8055.8207,0.16633985489175362,0.2110198919104611,0.035,1.0
2021-01-19,6614.0707,2022-01-19,7665.1848,8055.8207,0.15892090479165866,0.21798224805791677,0.035,1.0
2021-01-20,6671.4485,2022-01-20,7492.6095,8055.8207,0.12308586358719542,0.2075069904234439,0.035,1.0
2021-01-21,6745.1085,2022-01-21,7388.7443,8055.8207,0.09542260143035497,0.19432040270367779,0.035,1.0
2021-01-22,6721.9167,2022-01-22,7425.402,8055.8207,0.104655462332641,0.19844101906231604,0.035,1.0
2021-01-25,6657.2723,2022-01-25,7133.0663,8055.8207,0.07146981204298952,0.2100782928767988,0.035,1.0
2021-01-26,6534.0973,2022-01-26,7171.0289,8055.8207,0.09747813213617129,0.23288961430066246,0.035,1.0
2021-01-27,6537.7538,2022-01-27,6960.1096,8055.8207,0.06460258567705623,0.23220007152915412,0.035,1.0
2021-01-28,6399.1265,2022-01-28,6973.0104,8055.8207,0.08968159951205834,0.2588938037089905,0.035,1.0
2021-01-29,6304.1181,2022-01-29,7061.6204,8055.8207,0.12015991578584173,0.2778663997427333,0.035,1.0
2021-02-01,6345.8142,2022-02-01,7061.6204,8055.8207,0.11279974128457781,0.2694699917309271,0.035,1.0
2021-02-02,6417.4609,2022-02-02,7061.6204,8055.8207,0.1003760692955682,0.255297200174605,0.035,1.0
2021-02-03,6307.3903,2022-02-03,7061.6204,8055.8207,0.11957878997911386,0.27720345766457477,0.035,1.0
2021-02-04,6167.7466,2022-02-04,7061.6204,8055.8207,0.14492712784276818,0.30612056922053177,0.035,1.0
2021-02-05,6045.297,2022-02-05,7061.6204,8055.8207,0.16811802629382822,0.3325764970687133,0.035,1.0
2021-02-08,6088.8187,2022-02-08,7080.6181,8055.8207,0.16288864045171847,0.3230514976575014,0.035,1.0
2021-02-09,6254.0114,2022-02-09,7211.4299,8055.8207,0.15308870399564656,0.28810457556889,0.035,1.0
2021-02-10,6303.3064,2022-02-10,7175.6171,8055.8207,0.1383893856087972,0.2780309553094229,0.035,1.0
2021-02-18,6404.5949,2022-02-18,7251.7923,8055.8207,0.13227962318116315,0.2578189293439934,0.035,1.0
2021-02-19,6527.6465,2022-02-19,7334.5912,8055.8207,0.12361954649351792,0.23410798976323255,0.035,1.0
2021-02-22,6534.5739,2022-02-22,7279.2355,8055.8207,0.11395717783526771,0.2327996933357812,0.035,1.0
2021-02-23,6489.9615,2022-02-23,7450.3998,8055.8207,0.1479882892987885,0.24127403529281333,0.035,1.0
2021-02-24,6437.8367,2022-02-24,7285.1172,8055.8207,0.1316095047890855,0.25132417540196395,0.035,1.0
2021-02-25,6399.3466,2022-02-25,7361.9573,8055.8207,0.150423279151656,0.2588505051437595,0.035,1.0
2021-02-26,6325.4046,2022-02-26,7419.8306,8055.8207,0.17302071080164594,0.2735660735441334,0.035,1.0
2021-03-01,6495.1565,2022-03-01,7429.4432,8055.8207,0.14384360099714288,0.24028123109889665,0.035,1.0
2021-03-02,6466.6317,2022-03-02,7414.3087,8055.8207,0.14654878211171352,0.24575220512403706,0.035,1.0
2021-03-03,6553.596,2022-03-03,7342.6135,8055.8207,0.12039458947423687,0.22922143812343654,0.035,1.0
2021-03-04,6434.894,2022-03-04,7241.5625,8055.8207,0.12535847521342225,0.25189641041484134,0.035,1.0
2021-03-05,6456.2791,2022-03-05,7085.7316,8055.8207,0.09749462348986748,0.24774976038442964,0.035,1.0
2021-03-08,6327.6493,2022-03-08,6871.2202,8055.8207,0.0859040813149996,0.27311428274003746,0.035,1.0
2021-03-09,6126.2831,2022-03-09,6796.0393,8055.8207,0.1093250489844324,0.31496056719938403,0.035,1.0
2021-03-10,6078.2443,2022-03-10,6952.5204,8055.8207,0.14383694646824252,0.3253532274114088,0.035,1.0
2021-03-11,6219.6635,2022-03-11,6990.7781,8055.8207,0.12398011564452016,0.29521809339042226,0.035,1.0
2021-03-12,6220.4779,2022-03-12,6800.5947,8055.8207,0.09325920119417197,0.2950485203074189,0.035,1.0
2021-03-15,6177.7382,2022-03-15,6473.4807,8055.8207,0.04787229410271876,0.30400810769222963,0.035,1.0
2021-03-16,6233.463,2022-03-16,6692.9664,8055.8207,0.07371558955270929,0.2923507687460407,0.035,1.0
2021-03-17,6277.5814,2022-03-17,6818.5448,8055.8207,0.08617385670220057,0.2832682185530879,0.035,1.0
2021-03-18,6298.8857,2022-03-18,6879.3659,8055.8207,0.09215601419787633,0.2789279062485608,0.035,1.0
2021-03-19,6250.8147,2022-03-19,6954.4056,8055.8207,0.11255987159561776,0.2887633191238257,0.035,1.0
2021-03-22,6359.6002,2022-03-22,6923.4427,8055.8207,0.08866005444807668,0.26671810281407327,0.035,1.0
2021-03-23,6289.0012,2022-03-23,6966.9526,8055.8207,0.10779953420902522,0.28093801285965747,0.035,1.0
2021-03-24,6196.267,2022-03-24,6900.8066,8055.8207,0.11370388009425669,0.3001087106156013,0.035,1.0
2021-03-25,6190.712,2022-03-25,6819.8127,8055.8207,0.10162008828709856,0.3012753137280493,0.035,1.0
2021-03-26,6301.3414,2022-03-26,6767.2513,8055.8207,0.0739382094104597,0.278429494393051,0.035,1.0
2021-03-29,6326.6093,2022-03-29,6725.677,8055.8207,0.06307765835958912,0.2733235636978564,0.035,1.0
2021-03-30,6301.5848,2022-03-30,6864.7486,8055.8207,0.08936859819771059,0.27838011479271074,0.035,1.0
2021-03-31,6293.3922,2022-03-31,6772.0652,8055.8207,0.07605961694235419,0.2800442820010487,0.035,1.0
2021-04-01,6335.7913,2022-04-01,6772.6042,8055.8207,0.06894370084443913,0.27147822877309746,0.035,1.0
2021-04-02,6361.2515,2022-04-02,6764.2883,8055.8207,0.06335809863829467,0.2663892789021154,0.035,1.0
2021-04-06,6421.4868,2022-04-06,6764.2883,8055.8207,0.05338350925209423,0.25451020159381166,0.035,1.0
2021-04-07,6422.7617,2022-04-07,6623.5857,8055.8207,0.03126754648237995,0.2542611848731675,0.035,1.0
2021-04-08,6404.1284,2022-04-08,6575.2832,8055.8207,0.026725697754592215,0.25791055344861613,0.035,1.0
2021-04-09,6399.5218,2022-04-09,6328.0652,8055.8207,-0.011165928054186813,0.2588160415361034,0.035,1.0
2021-04-12,6263.3991,2022-04-12,6414.4186,8055.8207,0.02411142856919346,0.2861739402810848,0.035,1.0
2021-04-13,6231.1394,2022-04-13,6286.2509,8055.8207,0.008844530103114145,0.29283268803134144,0.035,1.0
2021-04-14,6320.0672,2022-04-14,6359.7083,8055.8207,0.006272259256990154,0.27464162089922084,0.035,1.0
2021-04-15,6296.6084,2022-04-15,6275.0725,8055.8207,-0.0034202381078677346,0.2793904572499697,0.035,1.0
2021-04-16,6368.846,2022-04-16,6326.0246,8055.8207,-0.006723572841924597,0.2648791790537879,0.035,1.0
2021-04-19,6477.388,2022-04-19,6345.7861,8055.8207,-0.02031712474225722,0.243683518726993,0.035,1.0
2021-04-20,6457.6294,2022-04-20,6234.2514,8055.8207,-0.034591331611566245,0.24748885403674614,0.035,1.0
2021-04-21,6457.7147,2022-04-21,5981.3843,8055.8207,-0.07376145000645518,0.24747237594748484,0.035,1.0
2021-04-22,6485.2112,2022-04-22,5891.8083,8055.8207,-0.09150093677751003,0.2421832460907365,0.035,1.0
2021-04-23,6453.3025,2022-04-23,5431.6079,8055.8207,-0.15832120065656308,0.24832528771121454,0.035,1.0
2021-04-26,6431.0888,2022-04-26,5266.5515,8055.8207,-0.1810793376076537,0.2526371428738474,0.035,1.0
2021-04-27,6400.9046,2022-04-27,5540.7173,8055.8207,-0.13438527110683696,0.258544097032785,0.035,1.0
2021-04-28,6437.2467,2022-04-28,5493.9075,8055.8207,-0.1465438943018914,0.2514388643828114,0.035,1.0
2021-04-29,6405.1028,2022-04-29,5734.4931,8055.8207,-0.10469928757427593,0.2577191891440058,0.035,1.0
2021-04-30,6382.1364,2022-04-30,5836.9281,8055.8207,-0.08542724032034166,0.26224514725194537,0.035,1.0
2021-05-06,6398.4374,2022-05-06,5764.6919,8055.8207,-0.0990469172989018,0.25902938426810285,0.035,1.0
2021-05-07,6320.2529,2022-05-07,5840.8902,8055.8207,-0.07584549346118741,0.27460416971605683,0.035,1.0
2021-05-10,6338.5735,2022-05-10,5950.6674,8055.8207,-0.061197696926603484,0.27092013684151484,0.035,1.0
2021-05-11,6343.8627,2022-05-11,6003.0282,8055.8207,-0.053726651429577776,0.2698605062811339,0.035,1.0
2021-05-12,6420.3372,2022-05-12,6034.5727,8055.8207,-0.060084772494503946,0.2547348291924605,0.035,1.0
2021-05-13,6375.0148,2022-05-13,6071.6673,8055.8207,-0.04758381109954446,0.26365521535730396,0.035,1.0
2021-05-14,6462.4764,2022-05-14,6082.8819,8055.8207,-0.058738241581818285,0.24655320985001983,0.035,1.0
2021-05-17,6457.2768,2022-05-17,6118.4572,8055.8207,-0.05247097352246066,0.2475569732429621,0.035,1.0
2021-05-18,6486.8215,2022-05-18,6127.8036,8055.8207,-0.055345734424787185,0.2418748843327969,0.035,1.0
2021-05-19,6488.9489,2022-05-19,6180.1862,8055.8207,-0.04758285274830876,0.24146773601499616,0.035,1.0
2021-05-20,6482.8358,2022-05-20,6263.4432,8055.8207,-0.03384207263123962,0.2426383990783787,0.035,1.0
2021-05-21,6480.3741,2022-05-21,6343.4672,8055.8207,-0.021126388366992543,0.24311044018276662,0.035,1.0
2021-05-24,6537.8571,2022-05-24,6081.6423,8055.8207,-0.06978047898905582,0.23218060241787786,0.035,1.0
2021-05-25,6615.7141,2022-05-25,6188.2694,8055.8207,-0.06461051574160381,0.217679690843956,0.035,1.0
2021-05-26,6644.751,2022-05-26,6227.0994,8055.8207,-0.06285436429446345,0.21235855188554087,0.035,1.0
2021-05-27,6705.0451,2022-05-27,6210.0937,8055.8207,-0.07381775851142303,0.2014566016863928,0.035,1.0
2021-05-28,6694.3457,2022-05-28,6282.3554,8055.8207,-0.06154302727449512,0.20337685877202305,0.035,1.0
2021-05-31,6814.3631,2022-05-31,6353.3468,8055.8207,-0.06765361534667846,0.18218248452302177,0.035,1.0
2021-06-01,6854.7336,2022-06-01,6373.3182,8055.8207,-0.07023108819283652,0.1752200989984498,0.035,1.0
2021-06-02,6759.459,2022-06-02,6442.9338,8055.8207,-0.046827001983442806,0.1917848307090848,0.035,1.0
2021-06-03,6754.0697,2022-06-03,6604.9759,8055.8207,-0.022074661148373975,0.1927357960193985,0.035,1.0
2021-06-04,6785.8035,2022-06-04,6604.9759,8055.8207,-0.026647927544615646,0.1871579688389149,0.035,1.0
2021-06-07,6861.8502,2022-06-07,6597.8349,8055.8207,-0.038475818081834534,0.17400124823476926,0.035,1.0
2021-06-08,6809.8642,2022-06-08,6608.8922,8055.8207,-0.02951189540607868,0.1829634869958201,0.035,1.0
2021-06-09,6823.4073,2022-06-09,6490.3753,8055.8207,-0.04880728723316874,0.1806155408603558,0.035,1.0
2021-06-10,6898.2061,2022-06-10,6627.7477,8055.8207,-0.03920706283333586,0.1678138610558475,0.035,1.0
2021-06-11,6852.9728,2022-06-11,6674.8036,8055.8207,-0.025998819081844204,0.17552205956515698,0.035,1.0
2021-06-15,6815.1187,2022-06-15,6653.7617,8055.8207,-0.023676330098256426,0.1820514145997194,0.035,1.0
2021-06-16,6673.2446,2022-06-16,6696.7629,8055.8207,0.0035242676403619555,0.20718199060169318,0.035,1.0
2021-06-17,6787.6684,2022-06-17,6774.7375,8055.8207,-0.0019050577072974306,0.18683179926703564,0.035,1.0
2021-06-18,6863.7156,2022-06-18,6848.7548,8055.8207,-0.002179694042101721,0.1736821817034493,0.035,1.0
2021-06-21,6968.2963,2022-06-21,6779.1447,8055.8207,-0.02714459774048361,0.15606747376686614,0.035,1.0
2021-06-22,7000.2518,2022-06-22,6691.8118,8055.8207,-0.04406127219595157,0.15079013300635835,0.035,1.0
2021-06-23,7046.1745,2022-06-23,6845.4548,8055.8207,-0.02848633680587953,0.143289979548477,0.035,1.0
2021-06-24,6974.642,2022-06-24,6931.6542,8055.8207,-0.006163441793858415,0.15501565528381245,0.035,1.0
2021-06-25,7000.4297,2022-06-25,7002.934,8055.8207,0.00035773518302750773,0.1507608882923288,0.035,1.0
2021-06-28,7063.4706,2022-06-28,7079.7247,8055.8207,0.0023011492395821342,0.14049044105881903,0.035,1.0
2021-06-29,7004.3036,2022-06-29,6900.9926,8055.8207,-0.014749646203228606,0.15012443207059167,0.035,1.0
2021-06-30,7083.6997,2022-06-30,6995.5297,8055.8207,-0.012446885629553206,0.1372335137244738,0.035,1.0
2021-07-01,6969.5316,2022-07-01,6994.5009,8055.8207,0.0035826367441966767,0.15586256901396367,0.035,1.0
2021-07-02,6908.9318,2022-07-02,7076.3219,8055.8207,0.024228072420688695,0.16600090045757865,0.035,1.0
2021-07-05,7006.6997,2022-07-05,7036.002,8055.8207,0.004182040226442085,0.14973112091560026,0.035,1.0
2021-07-06,6979.0624,2022-07-06,6953.9802,8055.8207,-0.0035939211547957317,0.15428409122692477,0.035,1.0
2021-07-07,7089.6646,2022-07-07,7041.8666,8055.8207,-0.006741926832476652,0.13627670059314223,0.035,1.0
2021-07-08,7099.4105,2022-07-08,7000.785,8055.8207,-0.013892068926004475,0.1347168472649949,0.035,1.0
2021-07-09,7142.8994,2022-07-09,6893.6346,8055.8207,-0.034896865550143374,0.12780822588653562,0.035,1.0
2021-07-12,7284.2346,2022-07-12,6779.5552,8055.8207,-0.06928379269937301,0.10592548735319429,0.035,1.0
2021-07-13,7331.7263,2022-07-13,6834.9024,8055.8207,-0.06776356340525158,0.09876178820259551,0.005,0.0
2021-07-14,7243.8162,2022-07-14,6920.8735,8055.8207,-0.04458184623734662,0.11209623181769857,0.035,1.0
2021-07-15,7241.6231,2022-07-15,6852.8163,8055.8207,-0.053690560062425674,0.11243302623689444,0.035,1.0
2021-07-16,7228.3631,2022-07-16,6953.9319,8055.8207,-0.03796588469663342,0.11447371812298712,0.035,1.0
2021-07-19,7205.2678,2022-07-19,7009.3239,8055.8207,-0.027194533976932722,0.1180459801924365,0.035,1.0
2021-07-20,7253.2763,2022-07-20,7110.1043,8055.8207,-0.019738941973022617,0.11064577810168341,0.035,1.0
2021-07-21,7398.8084,2022-07-21,7075.2943,8055.8207,-0.04372516255455405,0.08879974510490096,0.005,0.0
2021-07-22,7446.4812,2022-07-22,7034.5975,8055.8207,-0.05531252801658859,0.08182918664993077,0.005,0.0
2021-07-23,7379.7905,2022-07-23,6948.9088,8055.8207,-0.05838671165529696,0.09160560858739819,0.005,0.0
2021-07-26,7286.1475,2022-07-26,7027.4189,8055.8207,-0.03550965719538346,0.10563513845965922,0.035,1.0
2021-07-27,7093.8696,2022-07-27,7099.4335,8055.8207,0.0007843251023391673,0.13560315515244326,0.035,1.0
2021-07-28,6945.5087,2022-07-28,7150.198,8055.8207,0.029470742726159127,0.15986042894165542,0.035,1.0
2021-07-29,7207.4826,2022-07-29,7117.4341,8055.8207,-0.01249375197936653,0.11770241387748892,0.035,1.0
2021-07-30,7262.383,2022-07-30,7180.4544,8055.8207,-0.011281228213934735,0.10925307850054189,0.035,1.0
2021-08-02,7402.3541,2022-08-02,6957.9819,8055.8207,-0.060031200074581625,0.08827821408867753,0.005,0.0
2021-08-03,7308.9553,2022-08-03,6916.6704,8055.8207,-0.05367181545083466,0.10218497300154517,0.035,1.0
2021-08-04,7478.2072,2022-08-04,6960.3118,8055.8207,-0.06925395166905768,0.07723956886351058,0.005,0.0
2021-08-05,7447.9394,2022-08-05,7090.0027,8055.8207,-0.048058487156863894,0.08161737996955232,0.005,0.0
2021-08-06,7482.1737,2022-08-06,7176.105,8055.8207,-0.04090638793910928,0.07666849541330478,0.005,0.0
2021-08-09,7507.0824,2022-08-09,7207.3961,8055.8207,-0.03992047562978662,0.07309608057585737,0.005,0.0
2021-08-10,7549.552,2022-08-10,7212.0752,8055.8207,-0.04470156639758216,0.06705943610958642,0.005,0.0
2021-08-11,7605.9175,2022-08-11,7294.4863,8055.8207,-0.04094590823526545,0.05915173284485409,0.005,0.0
2021-08-12,7657.5268,2022-08-12,7228.8345,8055.8207,-0.05598312760720603,0.05201338635863473,0.005,0.0
2021-08-13,7641.9169,2022-08-13,7283.5,8055.8207,-0.04690143908788125,0.05416230056100191,0.005,0.0
2021-08-16,7568.1374,2022-08-16,7324.6198,8055.8207,-0.03217668854690714,0.06443901243124905,0.005,0.0
2021-08-17,7360.033,2022-08-17,7328.6735,8055.8207,-0.004260782526382734,0.09453594841218771,0.005,0.0
2021-08-18,7405.4856,2022-08-18,7351.4373,8055.8207,-0.0072984140297295275,0.08781802235899283,0.005,0.0
2021-08-19,7468.7727,2022-08-19,7234.4052,8055.8207,-0.03137965358083539,0.07860033014527268,0.005,0.0
2021-08-20,7467.3611,2022-08-20,7288.5766,8055.8207,-0.02394212595397316,0.07880422442675239,0.005,0.0
2021-08-23,7652.5587,2022-08-23,7306.0209,8055.8207,-0.04528391268661547,0.052696361545060855,0.005,0.0
2021-08-24,7715.0732,2022-08-24,7039.4103,8055.8207,-0.08757699149244624,0.04416646364418164,0.005,0.0
2021-08-25,7769.6268,2022-08-25,7016.3057,8055.8207,-0.09695717946195304,0.036834960979078124,0.005,0.0
2021-08-26,7669.5282,2022-08-26,6980.1803,8055.8207,-0.08988139583344901,0.05036717903977461,0.005,0.0
2021-08-27,7680.0781,2022-08-27,7021.3148,8055.8207,-0.08577559907886867,0.0489243201836711,0.005,0.0
2021-08-30,7727.7454,2022-08-30,6976.7218,8055.8207,-0.09718534464140083,0.042454206630565317,0.005,0.0
2021-08-31,7728.4217,2022-08-31,6750.7429,8055.8207,-0.1265043288204627,0.04236298337602373,0.005,0.0
2021-09-01,7606.8742,2022-09-01,6717.1001,8055.8207,-0.11696974034354357,0.059018525638296904,0.005,0.0
2021-09-02,7690.8589,2022-09-02,6776.8268,8055.8207,-0.11884655691706947,0.0474539716233775,0.005,0.0
2021-09-03,7630.8413,2022-09-03,6791.0921,8055.8207,-0.11004673888316874,0.055692338929915985,0.005,0.0
2021-09-06,7735.0996,2022-09-06,6919.6464,8055.8207,-0.10542245635725234,0.0414630860086147,0.005,0.0
2021-09-07,7878.3488,2022-09-07,6963.5196,8055.8207,-0.11611940816837152,0.0225265350018522,0.005,0.0
2021-09-08,7894.2516,2022-09-08,6897.0996,8055.8207,-0.12631368374425767,0.020466677297186875,0.005,0.0
2021-09-09,7900.2375,2022-09-09,6913.579,8055.8207,-0.12488972641645268,0.019693483898427067,0.005,0.0
2021-09-10,7932.6512,2022-09-10,6904.0775,8055.8207,-0.1296632959230578,0.015526902279530352,0.005,0.0
2021-09-13,7947.4812,2022-09-13,6904.0775,8055.8207,-0.13128734422171384,0.013631929069552351,0.005,0.0
2021-09-14,7916.896,2022-09-14,6829.5579,8055.8207,-0.13734399188772972,0.017547874823668375,0.005,0.0
2021-09-15,7972.2325,2022-09-15,6619.1888,8055.8207,-0.16971954844518145,0.01048491749331193,0.005,0.0
2021-09-16,7754.9469,2022-09-16,6481.2442,8055.8207,-0.16424389701494924,0.038797660884048124,0.005,0.0
2021-09-17,7730.2239,2022-09-17,6399.8014,8055.8207,-0.1721065931867769,0.04211997016024349,0.005,0.0
2021-09-22,7769.0601,2022-09-22,6487.2748,8055.8207,-0.16498589063559943,0.03691059102503291,0.005,0.0
2021-09-23,7806.8018,2022-09-23,6363.6835,8055.8207,-0.1848539692656217,0.0318976844013128,0.005,0.0
2021-09-24,7695.6176,2022-09-24,6283.5925,8055.8207,-0.1834843119024001,0.04680626282678091,0.005,0.0
2021-09-27,7467.8178,2022-09-27,6409.776,8055.8207,-0.14168018400234672,0.07873824934507656,0.005,0.0
2021-09-28,7468.7328,2022-09-28,6211.1091,8055.8207,-0.1683851509589418,0.07860609232131055,0.005,0.0
2021-09-29,7199.1794,2022-09-29,6228.7788,8055.8207,-0.13479322379436742,0.11899152006130032,0.035,1.0
2021-09-30,7405.4623,2022-09-30,6124.8639,8055.8207,-0.17292619260245234,0.08782144498932909,0.005,0.0
2021-10-08,7425.6688,2022-10-08,5984.5008,8055.8207,-0.19407921883076718,0.08486129895801442,0.005,0.0
2021-10-11,7384.8436,2022-10-11,6017.7194,8055.8207,-0.18512568092843562,0.09085867438005057,0.005,0.0
2021-10-12,7208.473,2022-10-12,6192.6534,8055.8207,-0.14092021985793657,0.11754884841768853,0.035,1.0
2021-10-13,7289.3627,2022-10-13,6252.2225,8055.8207,-0.14228132728256204,0.10514746371448913,0.035,1.0
2021-10-14,7342.2544,2022-10-14,6406.4573,8055.8207,-0.12745364693438022,0.0971862674766486,0.005,0.0
2021-10-15,7350.4129,2022-10-15,6472.4511,8055.8207,-0.11944387505088316,0.09596845913241148,0.005,0.0
2021-10-18,7429.6256,2022-10-18,6508.5038,8055.8207,-0.12397957172969787,0.08428353374899533,0.005,0.0
2021-10-19,7504.0545,2022-10-19,6461.1462,8055.8207,-0.13897930778621082,0.07352907684772281,0.005,0.0
2021-10-20,7523.5614,2022-10-20,6429.7042,8055.8207,-0.1453908783146236,0.07074565776787578,0.005,0.0
2021-10-21,7503.5343,2022-10-21,6432.3255,8055.8207,-0.1427605655111086,0.07360350175250074,0.005,0.0
2021-10-22,7438.4806,2022-10-22,6378.4323,8055.8207,-0.14250871340579951,0.08299276871139516,0.005,0.0
2021-10-25,7532.3726,2022-10-25,6355.7784,8055.8207,-0.15620499177111868,0.06949312358764637,0.005,0.0
2021-10-26,7508.6886,2022-10-26,6491.6916,8055.8207,-0.1354426923497667,0.07286653224638995,0.005,0.0
2021-10-27,7433.5459,2022-10-27,6461.6098,8055.8207,-0.13074999644516894,0.08371170480026224,0.005,0.0
2021-10-28,7267.8506,2022-10-28,6239.9316,8055.8207,-0.14143369980665255,0.1084185880210582,0.035,1.0
2021-10-29,7385.3049,2022-10-29,6292.6191,8055.8207,-0.147954054002564,0.09079053730063325,0.005,0.0
2021-11-01,7455.6105,2022-11-01,6439.8223,8055.8207,-0.13624480517054904,0.08050450060394132,0.005,0.0
2021-11-02,7368.5999,2022-11-02,6524.5136,8055.8207,-0.11455178886833028,0.09326341629703627,0.005,0.0
2021-11-03,7385.1994,2022-11-03,6566.8413,8055.8207,-0.11081056254215704,0.09080611960186213,0.005,0.0
2021-11-04,7483.6923,2022-11-04,6709.6446,8055.8207,-0.10343125678750853,0.07645001652459715,0.005,0.0
2021-11-05,7389.5866,2022-11-05,6713.6375,8055.8207,-0.09147319553708189,0.09015850764912892,0.005,0.0
2021-11-08,7422.9067,2022-11-08,6694.9562,8055.8207,-0.09806811932581616,0.08526498116970815,0.005,0.0
2021-11-09,7531.9583,2022-11-09,6676.0079,8055.8207,-0.11364247728243537,0.06955195171486817,0.005,0.0
2021-11-10,7535.2279,2022-11-10,6603.3086,8055.8207,-0.12367499860223197,0.06908786395166633,0.005,0.0
2021-11-11,7593.7315,2022-11-11,6643.4817,8055.8207,-0.12513608098995854,0.06085140092193142,0.005,0.0
2021-11-12,7697.8082,2022-11-12,6599.6655,8055.8207,-0.14265654215702595,0.04650836844700801,0.005,0.0
2021-11-15,7676.4847,2022-11-15,6752.5127,8055.8207,-0.12036394731562483,0.04941532678362526,0.005,0.0
2021-11-16,7589.1814,2022-11-16,6702.041,8055.8207,-0.11689540060275805,0.061487435258827716,0.005,0.0
2021-11-17,7725.0924,2022-11-17,6714.5035,8055.8207,-0.13081900483157982,0.04281221283515002,0.005,0.0
2021-11-18,7714.7966,2022-11-18,6658.4005,8055.8207,-0.13693116679187622,0.04420390033354882,0.005,0.0
2021-11-19,7803.7626,2022-11-19,6689.3254,8055.8207,-0.14280767587676235,0.03229956021470981,0.005,0.0
2021-11-22,7947.3717,2022-11-22,6583.2332,8055.8207,-0.17164649540677712,0.013645895032190491,0.005,0.0
2021-11-23,7941.5587,2022-11-23,6567.9934,8055.8207,-0.17295915724957112,0.014387855623355206,0.005,0.0
2021-11-24,7938.7737,2022-11-24,6586.8576,8055.8207,-0.17029281235211424,0.014743712873438009,0.005,0.0
2021-11-25,7925.7602,2022-11-25,6512.1619,8055.8207,-0.17835491666780423,0.016409845455581662,0.005,0.0
2021-11-26,7940.7888,2022-11-26,6492.712,8055.8207,-0.18235931422832952,0.014486205702889388,0.005,0.0
2021-11-29,7999.8331,2022-11-29,6594.3225,8055.8207,-0.17569249038458057,0.00699859600820929,0.005,0.0
2021-11-30,8054.2904,2022-11-30,6590.3067,8055.8207,-0.1817644543832191,0.00018999811578690462,0.005,0.0
2021-12-01,8055.8207,2022-12-01,6658.4265,8055.8207,-0.17346391535253514,0.0,0.005,0.0
2021-12-02,7968.235,2022-12-02,6680.5415,8023.9634,-0.1616033538167485,0.006993819835885873,0.005,0.0
2021-12-03,8023.9634,2022-12-03,6714.367,8023.9634,-0.1632106646947068,0.0,0.005,0.0
2021-12-06,7906.7563,2022-12-06,6703.5524,8010.3235,-0.1521741475704772,0.013098569890158451,0.005,0.0
2021-12-07,7781.4416,2022-12-07,6705.2873,8010.3235,-0.1382975488757765,0.029413817100420125,0.005,0.0
2021-12-08,7922.5518,2022-12-08,6662.3441,8010.3235,-0.1590658832928047,0.011078715824868413,0.005,0.0
2021-12-09,7931.7565,2022-12-09,6680.3752,8010.3235,-0.15776849680143357,0.00990537215810905,0.005,0.0
2021-12-10,7949.1249,2022-12-10,6655.6737,8010.3235,-0.1627161752106826,0.007698784554259541,0.005,0.0
2021-12-13,7984.8993,2022-12-13,6593.6675,8010.3235,-0.17423285475873196,0.0031840351449392568,0.005,0.0
2021-12-14,7981.8275,2022-12-14,6570.0183,8010.3235,-0.17687793929397755,0.0035701097273777016,0.005,0.0
2021-12-15,7955.5813,2022-12-15,6597.5505,8010.3235,-0.1707016431344872,0.0068809805262124435,0.005,0.0
2021-12-16,8005.9752,2022-12-16,6519.4361,8010.3235,-0.18567870407592568,0.0005431318348325664,0.005,0.0
2021-12-17,7894.1034,2022-12-17,6390.77,8010.3235,-0.19043751061076797,0.014722393932666389,0.005,0.0
2021-12-20,7751.9508,2022-12-20,6341.5833,8010.3235,-0.18193710672157515,0.03333002319880585,0.005,0.0
2021-12-21,7849.0325,2022-12-21,6289.1361,8010.3235,-0.19873741126693012,0.020549156854682504,0.005,0.0
2021-12-22,7930.8115,2022-12-22,6186.9277,8010.3235,-0.21988718304551802,0.010025707961915487,0.005,0.0
2021-12-23,7932.6616,2022-12-23,6160.7451,8010.3235,-0.22336973254979142,0.00979014407976253,0.005,0.0
2021-12-24,7776.6064,2022-12-24,6275.5244,8010.3235,-0.19302532786023474,0.03005386771278551,0.005,0.0
2021-12-27,7776.4312,2022-12-27,6325.6279,8010.3235,-0.1865641529754677,0.03007707442972052,0.005,0.0
2021-12-28,7863.5299,2022-12-28,6268.4658,8010.3235,-0.20284326762717597,0.018667646955853767,0.005,0.0
2021-12-29,7855.4293,2022-12-29,6261.8292,8010.3235,-0.2028660737866993,0.019718107576883304,0.005,0.0
2021-12-30,7924.5275,2022-12-30,6281.6209,8010.3235,-0.2073191871692035,0.010826639190790965,0.005,0.0
2021-12-31,8010.3235,2022-12-31,6423.7013,8010.3235,-0.1980721752373672,0.0,0.005,0.0
2022-01-04,7983.0677,2023-01-04,6421.2767,7983.0677,-0.19563795005772022,0.0,0.005,0.0
2022-01-05,7781.6778,2023-01-05,6485.4688,7844.5166,-0.16657191846210861,0.008075225114049234,0.005,0.0
2022-01-06,7844.5166,2023-01-06,6500.3203,7844.5166,-0.1713548926647691,0.0,0.005,0.0
2022-01-07,7682.6973,2023-01-07,6535.7493,7808.0861,-0.14928975530508004,0.01632093457593342,0.005,0.0
2022-01-10,7734.1865,2023-01-10,6540.2008,7808.0861,-0.15437767113580725,0.009554928627593995,0.005,0.0
2022-01-11,7646.6932,2023-01-11,6486.9049,7808.0861,-0.15167187562853957,0.021106234522394685,0.005,0.0
2022-01-12,7779.5237,2023-01-12,6489.5702,7808.0861,-0.16581394308240227,0.0036714844123426627,0.005,0.0
2022-01-13,7644.7873,2023-01-13,6517.5132,7808.0861,-0.14745656821609665,0.02136080358965642,0.005,0.0
2022-01-14,7675.3707,2023-01-14,6591.8056,7808.0861,-0.14117430184837854,0.01729107364156368,0.005,0.0
2022-01-17,7808.0861,2023-01-17,6597.4946,7808.0861,-0.15504330824425727,0.0,0.005,0.0
2022-01-18,7758.6048,2023-01-18,6613.005,7758.6048,-0.1476553877315674,0.0,0.005,0.0
2022-01-19,7665.1848,2023-01-19,6676.0803,7665.1848,-0.12903857190762058,0.0,0.005,0.0
2022-01-20,7492.6095,2023-01-20,6736.8515,7492.6095,-0.10086712780106843,0.0,0.005,0.0
2022-01-21,7388.7443,2023-01-21,6786.453,7450.3998,-0.08151470338471445,0.008344516672474267,0.005,0.0
2022-01-24,7425.402,2023-01-24,6786.453,7450.3998,-0.08604907855493882,0.0033665248022936023,0.005,0.0
2022-01-25,7133.0663,2023-01-25,6786.453,7450.3998,-0.048592468571335146,0.04448767005011578,0.005,0.0
2022-01-26,7171.0289,2023-01-26,6786.453,7450.3998,-0.05362911032195117,0.0389582727800748,0.005,0.0
2022-01-27,6960.1096,2023-01-27,6786.453,7450.3998,-0.024950268024514943,0.07044288497985729,0.005,0.0
2022-01-28,6973.0104,2023-01-28,6786.453,7450.3998,-0.02675421221227492,0.06846245346199398,0.005,0.0
2022-02-07,7061.6204,2023-02-07,6924.3213,7450.3998,-0.01944300206224625,0.05505526748506617,0.005,0.0
2022-02-08,7080.6181,2023-02-08,6877.7247,7450.3998,-0.02865475826185282,0.05222449435593779,0.005,0.0
2022-02-09,7211.4299,2023-02-09,6999.1821,7450.3998,-0.029432138000814567,0.03313765831655657,0.005,0.0
2022-02-10,7175.6171,2023-02-10,6975.3945,7450.3998,-0.02790318898147448,0.03829394687183063,0.005,0.0
2022-02-11,7033.8514,2023-02-11,7052.1766,7450.3998,0.0026052867707726524,0.05922052888407636,0.0076052867707726525,0.0
2022-02-14,7006.0752,2023-02-14,7061.449,7450.3998,0.007903683363261527,0.06341990163051636,0.012903683363261528,0.0
2022-02-15,7124.8489,2023-02-15,7063.6048,7450.3998,-0.008595845450140027,0.04569232338386864,0.005,0.0
2022-02-16,7183.1058,2023-02-16,6925.2034,7450.3998,-0.03590402357709943,0.037211480304243816,0.005,0.0
2022-02-17,7220.6066,2023-02-17,6868.5477,7450.3998,-0.048757524056219914,0.031824639220754625,0.005,0.0
2022-02-18,7251.7923,2023-02-18,6959.3609,7450.3998,-0.040325396523008594,0.027387367396057405,0.005,0.0
2022-02-21,7334.5912,2023-02-21,6990.4751,7450.3998,-0.0469168752036242,0.015789373510005644,0.005,0.0
2022-02-22,7279.2355,2023-02-22,6998.4298,7450.3998,-0.038576262575925724,0.02351404896846665,0.005,0.0
2022-02-23,7450.3998,2023-02-23,6966.7866,7450.3998,-0.06491104007599702,0.0,0.005,0.0
2022-02-24,7285.1172,2023-02-24,6944.824,7429.4432,-0.04671073788627589,0.019811074556219888,0.005,0.0
2022-02-25,7361.9573,2023-02-25,6894.2959,7429.4432,-0.06352405765787317,0.009166842084237459,0.005,0.0
2022-02-28,7419.8306,2023-02-28,6955.5737,7429.4432,-0.06256974384293901,0.0012955282294448978,0.005,0.0
2022-03-01,7429.4432,2023-03-01,7002.7711,7429.4432,-0.057429889227768705,0.0,0.005,0.0
2022-03-02,7414.3087,2023-03-02,6972.3062,7414.3087,-0.05961479591482344,0.0,0.005,0.0
2022-03-03,7342.6135,2023-03-03,6967.94,7351.4373,-0.05102726706233429,0.001201724699250395,0.005,0.0
2022-03-04,7241.5625,2023-03-04,6997.0444,7351.4373,-0.033765931040435015,0.015172802830880627,0.005,0.0
2022-03-07,7085.7316,2023-03-07,6855.3435,7351.4373,-0.03251437014633751,0.0374986966765718,0.005,0.0
2022-03-08,6871.2202,2023-03-08,6891.4556,7351.4373,0.0029449500104801185,0.06988818376101524,0.00794495001048012,0.0
2022-03-09,6796.0393,2023-03-09,6892.8565,7351.4373,0.01424612126654412,0.0817237769652095,0.01924612126654412,0.0
2022-03-10,6952.5204,2023-03-10,6798.2987,7351.4373,-0.02218212836887179,0.05737730737187041,0.005,0.0
2022-03-11,6990.7781,2023-03-11,6832.621,7351.4373,-0.02262367618277006,0.05159070919444564,0.005,0.0
2022-03-14,6800.5947,2023-03-14,6769.8491,7351.4373,-0.004521016375229503,0.08099918085105107,0.005,0.0
2022-03-15,6473.4807,2023-03-15,6803.4738,7351.4373,0.05097614641841752,0.13562357573723816,0.035,1.0
2022-03-16,6692.9664,2023-03-16,6689.7826,7351.4373,-0.0004756934085311526,0.09838251989431757,0.005,0.0
2022-03-17,6818.5448,2023-03-17,6736.3672,7351.4373,-0.012052073046436518,0.0781534059877409,0.005,0.0
2022-03-18,6879.3659,2023-03-18,6721.4545,7351.4373,-0.022954353976141872,0.06862135360469779,0.005,0.0
2022-03-21,6954.4056,2023-03-21,6809.3913,7351.4373,-0.020852148744387233,0.05709067357244724,0.005,0.0
2022-03-22,6923.4427,2023-03-22,6840.3262,7351.4373,-0.012005082384808241,0.0618181760932317,0.005,0.0
2022-03-23,6966.9526,2023-03-23,6868.8345,7351.4373,-0.014083359774831772,0.05518692634710898,0.005,0.0
2022-03-24,6900.8066,2023-03-24,6867.9521,7351.4373,-0.004760965189199662,0.06530116349007664,0.005,0.0
2022-03-25,6819.8127,2023-03-25,6886.6891,7351.4373,0.00980619306451036,0.07795296196331014,0.014806193064510361,0.0
2022-03-28,6767.2513,2023-03-28,6825.3831,7351.4373,0.008590164222215257,0.08632544797028596,0.013590164222215258,0.0
2022-03-29,6725.677,2023-03-29,6806.2811,7351.4373,0.011984533304230993,0.09304049242923806,0.016984533304230994,0.0
2022-03-30,6864.7486,2023-03-30,6807.6446,7351.4373,-0.008318440095533952,0.07089679875531063,0.005,0.0
2022-03-31,6772.0652,2023-03-31,6875.8083,7351.4373,0.015319270700465237,0.08555323714248941,0.02031927070046524,0.0
2022-04-01,6772.6042,2023-04-01,6962.2048,7351.4373,0.027995228187113197,0.08546684302029628,0.032995228187113194,0.0
2022-04-06,6764.2883,2023-04-06,6983.0265,7351.4373,0.032337208335723844,0.08680129733677955,0.03733720833572384,0.0
2022-04-07,6623.5857,2023-04-07,7042.8904,7351.4373,0.06330478973043263,0.1098878512283763,0.035,1.0
2022-04-08,6575.2832,2023-04-08,6968.5725,7351.4373,0.059813286825425305,0.11804116665271547,0.035,1.0
2022-04-11,6328.0652,2023-04-11,6984.1419,7351.4373,0.10367729776235546,0.16171958847705925,0.035,1.0
2022-04-12,6414.4186,2023-04-12,7021.0163,7351.4373,0.0945678381513797,0.14608006717865263,0.035,1.0
2022-04-13,6286.2509,2023-04-13,6966.8182,7351.4373,0.10826282800770803,0.1694470069592673,0.035,1.0
2022-04-14,6359.7083,2023-04-14,7020.0943,7351.4373,0.10383903928423877,0.15593938482996128,0.035,1.0
2022-04-15,6275.0725,2023-04-15,7012.773,7351.4373,0.11756047440089334,0.1715302572201356,0.035,1.0
2022-04-18,6326.0246,2023-04-18,6997.0715,7351.4373,0.10607718787562104,0.1620943269806443,0.035,1.0
2022-04-19,6345.7861,2023-04-19,6965.5757,7351.4373,0.09766947549650307,0.15847543301215272,0.035,1.0
2022-04-20,6234.2514,2023-04-20,6963.8986,7351.4373,0.1170384627094121,0.17920129111251426,0.035,1.0
2022-04-21,5981.3843,2023-04-21,6773.5121,7351.4373,0.13243218630844367,0.2290528297939325,0.035,1.0
2022-04-22,5891.8083,2023-04-22,6725.2706,7351.4373,0.14146120470348644,0.24773871206909437,0.035,1.0
2022-04-25,5431.6079,2023-04-25,6603.2389,7351.4373,0.21570610794641487,0.353455079112025,0.035,1.0
2022-04-26,5266.5515,2023-04-26,6624.4004,7351.4373,0.2578250492756031,0.3958730489961031,0.035,1.0
2022-04-27,5540.7173,2023-04-27,6633.4926,7351.4373,0.19722632302499887,0.32680245209406356,0.035,1.0
2022-04-28,5493.9075,2023-04-28,6723.3045,7351.4373,0.22377460850951714,0.3381072214994518,0.035,1.0
2022-04-29,5734.4931,2023-04-29,6733.9694,7351.4373,0.17429200498994413,0.28196811327578364,0.035,1.0
2022-05-05,5836.9281,2023-05-05,6653.6532,7351.4373,0.1399237897071235,0.25947025114117817,0.035,1.0
2022-05-06,5764.6919,2023-05-06,6702.4999,7351.4373,0.16268137417716977,0.27525242068877964,0.035,1.0
2022-05-09,5840.8902,2023-05-09,6611.6367,7351.4373,0.13195702600264592,0.25861590413050384,0.035,1.0
2022-05-10,5950.6674,2023-05-10,6627.3114,7351.4373,0.11370892616179473,0.2353971085663431,0.035,1.0
2022-05-11,6003.0282,2023-05-11,6622.5211,7351.4373,0.1031967332753827,0.22462148353725864,0.035,1.0
2022-05-12,6034.5727,2023-05-12,6535.9439,7351.4373,0.08308313196723938,0.21822002409549235,0.035,1.0
2022-05-13,6071.6673,2023-05-13,6585.9102,7351.4373,0.08469550036116114,0.21077735929305597,0.035,1.0
2022-05-16,6082.8819,2023-05-16,6516.2886,7351.4373,0.07125022433856554,0.20854513055727741,0.035,1.0
2022-05-17,6118.4572,2023-05-17,6554.9802,7351.4373,0.07134527311885086,0.20151813761155335,0.035,1.0
2022-05-18,6127.8036,2023-05-18,6583.7382,7351.4373,0.07440424494022624,0.19968552843305876,0.035,1.0
2022-05-19,6180.1862,2023-05-19,6602.3174,7351.4373,0.06830396145669515,0.18951712166859958,0.035,1.0
2022-05-20,6263.4432,2023-05-20,6595.9844,7351.4373,0.053092394930635,0.17370543090420298,0.035,1.0
2022-05-23,6343.4672,2023-05-23,6528.4533,7351.4373,0.029161670450506882,0.1588989220280037,0.035,1.0
2022-05-24,6081.6423,2023-05-24,6513.1817,7351.4373,0.07095770824929959,0.20879146410830485,0.035,1.0
2022-05-25,6188.2694,2023-05-25,6501.0001,7351.4373,0.05053605132316963,0.18796335854415114,0.035,1.0
2022-05-26,6227.0994,2023-05-26,6546.4083,7351.4373,0.051277308982734304,0.18055563718799794,0.035,1.0
2022-05-27,6210.0937,2023-05-27,6534.1166,7351.4373,0.052176813370786945,0.18378846683102368,0.035,1.0
2022-05-30,6282.3554,2023-05-30,6564.4686,7351.4373,0.04490564160060084,0.17017214594386032,0.035,1.0
2022-05-31,6353.3468,2023-05-31,6561.6487,7351.4373,0.03278616870088058,0.15709680762271616,0.035,1.0
2022-06-01,6373.3182,2023-06-01,6574.7576,7351.4373,0.03160667546773355,0.1534709344968841,0.035,1.0
2022-06-02,6442.9338,2023-06-02,6626.2794,7351.4373,0.028456849890340363,0.14100773470619865,0.035,1.0
2022-06-06,6604.9759,2023-06-06,6489.8113,7351.4373,-0.017436036367672436,0.11301500736739989,0.035,1.0
2022-06-07,6597.8349,2023-06-07,6488.5574,7351.4373,-0.016562630265270828,0.11421965105553022,0.035,1.0
2022-06-08,6608.8922,2023-06-08,6442.4819,7351.4373,-0.025179757055199148,0.11235545648633805,0.035,1.0
2022-06-09,6490.3753,2023-06-09,6495.5639,7351.4373,0.0007994298881299766,0.13266752078265798,0.035,1.0
2022-06-10,6627.7477,2023-06-10,6530.1606,7351.4373,-0.01472402155561836,0.1091908794295231,0.035,1.0
2022-06-13,6674.8036,2023-06-13,6554.9567,7351.4373,-0.017955120057764784,0.10137132724025011,0.035,1.0
2022-06-14,6665.253,2023-06-14,6578.1228,7351.4373,-0.013072301981635115,0.10294947543626631,0.035,1.0
2022-06-15,6653.7617,2023-06-15,6613.9549,7351.4373,-0.005982600789565473,0.10485431120865063,0.035,1.0
2022-06-16,6696.7629,2023-06-16,6669.0051,7351.4373,-0.004144957857175946,0.09775982960364327,0.005,0.0
2022-06-17,6774.7375,2023-06-17,6693.299,7351.4373,-0.012020908559187693,0.08512503990006981,0.005,0.0
2022-06-20,6848.7548,2023-06-20,6693.9147,7351.4373,-0.022608503957536885,0.07339764886895939,0.005,0.0
2022-06-21,6779.1447,2023-06-21,6548.4066,7351.4373,-0.03403646185631637,0.08441958762142954,0.005,0.0
2022-06-22,6691.8118,2023-06-22,6420.9726,7351.4373,-0.040473224306756594,0.09857203395947245,0.005,0.0
2022-06-23,6845.4548,2023-06-23,6420.9726,7351.4373,-0.06200934961983828,0.07391510349319663,0.005,0.0
2022-06-24,6931.6542,2023-06-24,6420.9726,7351.4373,-0.07367384252953646,0.06056030608105045,0.005,0.0
2022-06-27,7002.934,2023-06-27,6507.2728,7351.4373,-0.07077907631287117,0.04976532693296831,0.005,0.0
2022-06-28,7079.7247,2023-06-28,6475.505,7351.4373,-0.08534508411040331,0.03837897821083347,0.005,0.0
2022-06-29,6900.9926,2023-06-29,6520.0393,7351.4373,-0.055202682002586045,0.0652724508065694,0.005,0.0
2022-06-30,6995.5297,2023-06-30,6602.0372,7351.4373,-0.05624913578738722,0.050876433274237964,0.005,0.0
2022-07-01,6994.5009,2023-07-01,6612.8844,7351.4373,-0.05455950402408272,0.05103100351305967,0.005,0.0
2022-07-04,7076.3219,2023-07-04,6638.4471,7351.4373,-0.06187886958618993,0.03887830484365051,0.005,0.0
2022-07-05,7036.002,2023-07-05,6584.4232,7351.4373,-0.06418116424640019,0.044831610337802585,0.005,0.0
2022-07-06,6953.9802,2023-07-06,6567.0789,7351.4373,-0.055637388786352826,0.05715533961399544,0.005,0.0
2022-07-07,7041.8666,2023-07-07,6521.4265,7351.4373,-0.07390655483306097,0.043961454765416796,0.005,0.0
2022-07-08,7000.785,2023-07-08,6526.8519,7351.4373,-0.06769713682108514,0.05008756875121856,0.005,0.0
2022-07-11,6893.6346,2023-07-11,6579.3695,7351.4373,-0.04558772233155506,0.06640948158174775,0.005,0.0
2022-07-12,6779.5552,2023-07-12,6482.9867,7351.4373,-0.043744536514725874,0.08435392634608241,0.005,0.0
2022-07-13,6834.9024,2023-07-13,6548.3129,7351.4373,-0.04193029881450827,0.07557312010775741,0.005,0.0
2022-07-14,6920.8735,2023-07-14,6544.4593,7351.4373,-0.05438825026927585,0.06221234935156672,0.005,0.0
